Unnamed: 0,Unnamed: 0.1,id,username,text,retweet_count,like_count,created_at,label
0,0,1622620245889544197,sbyfess,Info obat nyeri punggung -rek suwun,0,0,2023-02-06 15:36:28+00:00,0
1,1,1622618976051417088,sbyfess,Kamu lek baru banget banget banget dman sama mutwoal baru terus ditanyain umur gitu mbok jawab apa -rek,0,0,2023-02-06 15:31:25+00:00,0
2,2,1622618923928809472,sbyfess,"-rek ayo mtualan mumpung base blm di tutup, mhere",0,18,2023-02-06 15:31:12+00:00,0
3,3,1622617769471778818,sbyfess,"Karena belum di polbek base sebelah aku mau tanya disini, kalian yang cowo"" kalo di malang beli baju dimana si, kalâ€¦ https://t.co/YumncgcTc3",0,0,2023-02-06 15:26:37+00:00,1
4,4,1622617421495537666,sbyfess,"jika kamu -cak menghabiskan waktu untuk mengejar kupu-kupu, ia akan menjauh. tapi jika kamu merawat kebunmu, kupu-kâ€¦ https://t.co/WO2Lby9cP9",0,2,2023-02-06 15:25:14+00:00,1
5,5,1622617263789740033,sbyfess,-rek aku numpang nginep po o buat besok ciwi cwi seng gelem numpang i akuu;( ak wes ga isok gae bertahan nang omahâ€¦ https://t.co/PY7coY44Q7,0,1,2023-02-06 15:24:37+00:00,1
6,6,1622617069937369088,sbyfess,-rek kalian tim makan pempek dicocol apa dicampur?,0,0,2023-02-06 15:23:50+00:00,0
7,7,1622616695415377921,sbyfess,"motorku stater tangane gaisok, jaluk di stater sikil sek baru isok opoo yo -rek

akine wayahe ganti ta",0,1,2023-02-06 15:22:21+00:00,0
8,8,1622616293575913472,sbyfess,mangan sek yo -rek ayo tah https://t.co/TZW3GhUd5B,1,3,2023-02-06 15:20:45+00:00,1
9,9,1622616251523813379,sbyfess,aku lagi suntuk boleh ketuk dm mu gak -ning? m22,0,3,2023-02-06 15:20:35+00:00,0
10,10,1622616148817907712,sbyfess,-rek onok seng kyk ngene t lek kirim menfess?? https://t.co/cOxIIgg8Ox,0,1,2023-02-06 15:20:11+00:00,1
11,11,1622615591688482818,sbyfess,"-rek gk usah semangat, ayo nanges wae https://t.co/jKVPzUcC4u",1,0,2023-02-06 15:17:58+00:00,1
12,12,1622615541822406657,sbyfess,-rek info blik tyket e dimanaa plz plz https://t.co/UxVlcjilvI,1,2,2023-02-06 15:17:46+00:00,1
13,13,1622615522264387584,sbyfess,-rek pilikno warna sing apik. Aku sih jane pingin abu soale lak ireng wedi pasaranğŸ˜­. Tolong pencerahanny ğŸ™ğŸ» https://t.co/pMcQ4iSR5y,0,0,2023-02-06 15:17:41+00:00,1
14,14,1622615461706993665,sbyfess,-cak dm an yuk me F24,0,11,2023-02-06 15:17:27+00:00,0
15,15,1622615366685069319,sbyfess,-ning boleh temenin ngobrol di dm? Lagi sumpek gara gara patah hatiâ˜ï¸,0,0,2023-02-06 15:17:04+00:00,0
16,16,1622615302973583362,sbyfess,"Dia bilang â€œkau harus bisa seperti aku, yg sudah biarlah sudahâ€. -ning ğŸ˜Š https://t.co/i79otr8sVq",0,6,2023-02-06 15:16:49+00:00,1
17,17,1622615099352682497,sbyfess,"-rek batuk terus sehabia makan semangka di obatin apa ya ğŸ¥² suakit tenggorokanku, demam",0,0,2023-02-06 15:16:01+00:00,0
18,18,1622615048660340738,sbyfess,"Dm an yuk -Ning 
M23 here",0,17,2023-02-06 15:15:48+00:00,0
19,19,1622614843890241537,sbyfess,"-rek
hug someone else.
""my hug for u sayang""

HILIH ğŸ¤ŒğŸ»ğŸ¤ŒğŸ»ğŸ¤ŒğŸ»ğŸ™„ğŸ˜¤ğŸ¥±ğŸ¥±ğŸ¥± u're such a liar.",0,2,2023-02-06 15:15:00+00:00,0
20,20,1622614617326489601,sbyfess,storytime before bed poo -cak ?,0,0,2023-02-06 15:14:06+00:00,0
21,21,1622614376246296576,sbyfess,-ning yang belum tidur. Chat2an lwt dm yok?,0,0,2023-02-06 15:13:08+00:00,0
22,22,1622614356923150345,sbyfess,habis lebaran rencananya aku mau dilamar -rek sama mas pacar. menurut kalian kalo kita deeptalk mulai skrg gpp kanâ€¦ https://t.co/TodhHHjKk1,0,1,2023-02-06 15:13:04+00:00,1
23,23,1622613715374972931,sbyfess,-rek Aku bingung jodohku sopo kan ya? Lah nggletek jodohku bakno koncoku dewe :),0,2,2023-02-06 15:10:31+00:00,0
24,24,1622613683649253376,sbyfess,"-rek saran antara iki seng endi? lek seng A 53 engkok sisa tabunganku mepet bgt, lek A 33 ak sek onok sisa tabunganâ€¦ https://t.co/q6G5NnfG7U",0,0,2023-02-06 15:10:23+00:00,1
25,25,1622613094626381825,sbyfess,senin kali ini mangkelno ga -rek?,0,1,2023-02-06 15:08:03+00:00,0
26,26,1622613015597314048,sbyfess,"Nonton wong liyo kakang adi isoh akur guyon2, sdkn aku ndek omah wae jarang omongan karo tunggalku -rek",0,1,2023-02-06 15:07:44+00:00,0
27,27,1622612982919471104,sbyfess,"-rek , sampek mbelani download dc biar bs dengerin suara doi hahahahaha virgo kalo bucin effort bgt ygy",0,0,2023-02-06 15:07:36+00:00,0
28,28,1622612607810289668,sbyfess,-rek kalian punya hobi ga? Apa hobi kalian?,0,0,2023-02-06 15:06:07+00:00,0
29,29,1622612343212642304,sbyfess,-cak kalian suka cewe cantik tapi pendek apa biasa tapi tinggi,0,2,2023-02-06 15:05:03+00:00,0
30,30,1622611926688890881,sbyfess,ayo dm an -ning like/rep yaa. M24,0,50,2023-02-06 15:03:24+00:00,0
31,31,1622611727979511809,sbyfess,"-rek minta rekom tempat main, cafe atau apa yang seru buat berdua sama besti. Sekitar surabaya barat
Udah lama ga ketemu soale",0,1,2023-02-06 15:02:37+00:00,0
32,32,1622611474832322561,sbyfess,-rek info part time dongg. makasihhh,0,2,2023-02-06 15:01:36+00:00,0
33,33,1622611348466335745,sbyfess,"bagi meme yang lucu lucu dong -rek, lagi butuh ketawa",0,3,2023-02-06 15:01:06+00:00,0
34,34,1622610629654908928,sbyfess,"-rek awale aku ga terlalu bermasalah berstatus jomblo, tapi ws hampir 2th jomblo kok sekarang berasa kesepian bgtt,â€¦ https://t.co/sTsB6KlWyn",0,6,2023-02-06 14:58:15+00:00,1
35,35,1622609798608097282,sbyfess,"-rek pernah ngga? Ngrasa kesepian, tp pas ada yg nemenin malah dicuekin. Kek ngrasa mgga cocok aja gitu ğŸ˜…",0,2,2023-02-06 14:54:57+00:00,0
36,36,1622609142824443907,sbyfess,"-cak ayo nek gabut dm an, rep yaa aku lagi rungkad sopo tau isok mengalihkan sedikit pikiranku, f23",0,8,2023-02-06 14:52:20+00:00,0
37,37,1622608851358085120,sbyfess,"-rek saran dong, aku lagi ldran nih sama pacarku (cewe) tapi aku cuman ga tau harus bersikap apa disetiap aku ngasiâ€¦ https://t.co/PkSZ8OHLg7",0,2,2023-02-06 14:51:11+00:00,1
38,38,1622608822601916416,sbyfess,howo udan adem paling cocok ancene sooo baksoo -rek https://t.co/uTpI7Vb0aA,0,5,2023-02-06 14:51:04+00:00,1
39,39,1622608646814437376,sbyfess,Jawaben yo seng merasa cowo -cak https://t.co/wcelQwg6ic,0,15,2023-02-06 14:50:22+00:00,1
40,40,1622607928502128641,sbyfess,Menurutt kalian ini lucu dan masuk ke semua ootd buat hang out ga -rek? https://t.co/Qgcy6HSJ5s,0,6,2023-02-06 14:47:31+00:00,1
41,41,1622607805248327680,sbyfess,Halo -rek di sini ada yg jasa bikin cv kah??  Kalau ada rep ya entar aku KETUK makasih,0,2,2023-02-06 14:47:02+00:00,0
42,42,1622606717417828352,sbyfess,"-rek ""Rek ada yg tau/punya langganan jualan bucket deket alun2 batu ga? Penginapanku deket situ soalnya""",0,2,2023-02-06 14:42:42+00:00,0
43,43,1622606370620207104,sbyfess,Ayo tebak lagu -rek sing paham berarti sak umuran https://t.co/LBvlTd2ZME,1,2,2023-02-06 14:41:19+00:00,1
44,44,1622606296662048768,sbyfess,"-ning yang mau DM-an reply aja, DM ku masih kosong nih. Kalau mau temenan like aja jangan lupa follback :)",0,18,2023-02-06 14:41:02+00:00,0
45,45,1622606260154826752,sbyfess,He -rek bagi playlist spotifymu poo seng lagu galau deep pol bahasa enggres. Ayoo aku pgn galauu,0,1,2023-02-06 14:40:53+00:00,0
46,46,1622606250260451329,sbyfess,"Yang besok libur, sini kumpul -rek 
Wkwk",0,3,2023-02-06 14:40:51+00:00,0
47,47,1622606216135585793,sbyfess,"-rek rencananya aku mau nabung 1 jt per bulan buat beli motor, kira"" ada ga ya tabungan buat jangka pendek gitu? Soâ€¦ https://t.co/HFByu7luj5",0,0,2023-02-06 14:40:43+00:00,1
48,48,1622606173966057473,sbyfess,-rek biasanya potong rambut cewe kek di salon bagus kek shinj*ku dll kena brp ya??,0,0,2023-02-06 14:40:33+00:00,0
49,49,1622605812278640640,sbyfess,"-rek bahasa indonesia nya ""sisi"" pas pilek itu apa yaa?",0,4,2023-02-06 14:39:06+00:00,0
50,50,1622605736705679360,sbyfess,"-rek mau nanya dong, ada yang tau ga, knpa pelangi yang",0,2,2023-02-06 14:38:48+00:00,0
51,51,1622605604048211970,sbyfess,"pliss apakah dia tdk ada kerjaan lain ya ğŸ˜­ udh hampir 3 harian ini mepet trs kenapa diunfoll
Soale kl aku bodoamatâ€¦ https://t.co/Ry3obYWzn4",0,1,2023-02-06 14:38:17+00:00,1
52,52,1622605602819309568,sbyfess,"-rek kalian misal diunfollow orang di sosmed gitu bakal ngechat orangnya sampe ke WhatsApp ga?
Aku kok heran ya cowâ€¦ https://t.co/lIXaediWYY",0,1,2023-02-06 14:38:16+00:00,1
53,53,1622605146781028354,sbyfess,"-rek kalian yang lockscreennya pake foto hasil jepretan sendiri, coba share ls kalian disini",0,0,2023-02-06 14:36:28+00:00,0
54,54,1622605130666504193,sbyfess,-rek ada yg kerja di law firm?? Mauu tny2,0,1,2023-02-06 14:36:24+00:00,0
55,55,1622605070868283392,sbyfess,Ada gasi yg Nunda kelulusan Karna pgn magang sana sini? Tanggapan orang di sekitar kalian termasuk keluarga gimana -rek?,0,2,2023-02-06 14:36:10+00:00,0
56,56,1622604923455287297,sbyfess,"-rek cita2 mu seng belum kesampean opo ?,
Lek aku pingin banget dadi security diskotik",0,2,2023-02-06 14:35:34+00:00,0
57,57,1622604609276751874,sbyfess,Lapo rung turu -rek ? Sesuk prei tah?,0,3,2023-02-06 14:34:20+00:00,0
58,58,1622604236755443712,sbyfess,"Titipan -rek
Ada saran alasan biar ga ikut LDK organisasi kah rek? Sing sekiro e gak iso dibantah dan bakal diijiniâ€¦ https://t.co/IqyP2GKcPV",0,2,2023-02-06 14:32:51+00:00,1
59,59,1622604062872186880,sbyfess,resepsi nikah iki ajane akal akalane sopo seh -rek,0,3,2023-02-06 14:32:09+00:00,0
60,60,1622603404538433537,sbyfess,"Halo -rek, yang berminat pemeriksaan atau penambal gigi gratis bisa langsung rep yaa. Tanya2 dulu juga boleh.. https://t.co/fjyN5mc3gD",0,7,2023-02-06 14:29:32+00:00,1
61,61,1622603213810831360,sbyfess,-rek ada yg pernah beli sepatu di sini? ini 0r1 gaaakk? https://t.co/jmqQPEBtB9,0,5,2023-02-06 14:28:47+00:00,1
62,62,1622603185360871426,sbyfess,-rek tolong info dan testimoni perawatan rambut rontok nak RH clinic Poo. Aku wes kudu frustasi. Wes ketok botak. Kâ€¦ https://t.co/3UtLaI4C3F,0,2,2023-02-06 14:28:40+00:00,1
63,63,1622602265327697921,sbyfess,"akuu seneng nggarai pacarku -rek, gemes ga se ğŸ˜ https://t.co/coinmZQ92Q",1,11,2023-02-06 14:25:01+00:00,1
64,64,1622601964382199808,sbyfess,-rek coba keluarkan uneg-uneg kalian ketika denger lagu itu https://t.co/8rSWpeZmet,0,4,2023-02-06 14:23:49+00:00,1
65,65,1622601315791806465,sbyfess,"Halo -rek, aku sender menfes iki 

Dipekerjaan baruku, nek misale aku takon staf e terkait salary ku sok emben ngonâ€¦ https://t.co/Cnlj85Bo4P",0,2,2023-02-06 14:21:14+00:00,1
66,66,1622601090180186113,sbyfess,-rek cara bungkus kado berupa kaos cek gak ketok iku kaos piye yo? Serius takon,0,2,2023-02-06 14:20:21+00:00,0
67,67,1622601036593782784,sbyfess,"-rek mau nanya, cara screenshoot di hp samsung A33 gimana ya? Mmfff biasanya user vivo jd gatau wkwk:(, tadi udah nâ€¦ https://t.co/i6zunADf0u",0,2,2023-02-06 14:20:08+00:00,1
68,68,1622600900996124672,sbyfess,-rek apart di ptc itu namanya apaa??,0,3,2023-02-06 14:19:35+00:00,0
69,69,1622600750164762624,sbyfess,"-rek sepedaku kyk ngene dan gaiso dibuka. Wes dibenakno pakdeku, tonggoku, ttp gaiso. Kira2 ndek tukang buat kunciâ€¦ https://t.co/cQ4vtsc8MF",0,16,2023-02-06 14:18:59+00:00,1
70,70,1622600116845830145,sbyfess,Kelakuan mas crush nggarakno pengen salto ae -rek ğŸ˜­ğŸ˜­ https://t.co/09NBKmyH3x,0,2,2023-02-06 14:16:28+00:00,1
71,71,1622599640372883456,sbyfess,awkmu utowo koncomu sing pendiam aka ga kakean omong profesine opo -rek?,0,3,2023-02-06 14:14:35+00:00,0
72,72,1622599592092270592,sbyfess,-rek sender turning 24 nih sekarangğŸ¥¹ boleh minta ucapin hbd gak? Mau aku kumpulin buat jadiin wallpaper xixi. Makasih yang udah mau ucapinğŸ«¶ğŸ»,0,3,2023-02-06 14:14:23+00:00,0
73,73,1622599121290006529,sbyfess,-rek drop ss chat uwu sama bapak kalian dong,0,4,2023-02-06 14:12:31+00:00,0
74,74,1622598857178898432,sbyfess,Salam Yalal Waton -rek â¤â¤â¤,0,3,2023-02-06 14:11:28+00:00,0
75,75,1622598301429420035,sbyfess,-rek saran kado gae kawinan konco budget 300-400,0,10,2023-02-06 14:09:16+00:00,0
76,76,1622597759927975937,sbyfess,-cak free gak? Aku lagi gabut f22,0,11,2023-02-06 14:07:07+00:00,0
77,77,1622597540087746561,sbyfess,"-rek 22 tahun setengah hidup di surabaya, akhirnya aku merantau juga huhuhu tips and trick dong senior rantau kalauâ€¦ https://t.co/ESpJX34EHb",0,5,2023-02-06 14:06:14+00:00,1
78,78,1622597117553545216,sbyfess,-ning seng lagi down. Tetep semangat yo. Sopo eroh maringene awkmu menemukan kebahagiaan. Tp lek butuh konco curhatâ€¦ https://t.co/740dhWxdOR,1,10,2023-02-06 14:04:33+00:00,1
79,79,1622596966265012227,sbyfess,"-rek kuat bgt pundakmu, emang anak keberapa?",1,7,2023-02-06 14:03:57+00:00,0
80,80,1622596844856684547,sbyfess,"how's your day -rek tukar cerita yok di dm, rep aja yaa nntik tak ketuk dm kalian",1,5,2023-02-06 14:03:28+00:00,0
81,81,1622596768931385344,sbyfess,"-rek jdi ak rencana mau ngasih kado buat cwo aku guys. nah dia skrg tuh lg pgn bngt naikin bb, krn mnrt dia dia terâ€¦ https://t.co/GnBq0pK3cf",0,2,2023-02-06 14:03:10+00:00,1
82,82,1622596409953505280,sbyfess,-rek iya kah ? Astaga ngerinya.. https://t.co/hPPNhYYCi2,0,28,2023-02-06 14:01:45+00:00,1
83,83,1622596369654648833,sbyfess,"-ning howâ€™s ur day,cerita yu di dm hehe",0,4,2023-02-06 14:01:35+00:00,0
84,84,1622596165891166208,sbyfess,Rekomendasi film indo terbaik versi kalian -rek,0,3,2023-02-06 14:00:46+00:00,0
85,85,1622596079182295040,sbyfess,Gae ngancani udan iki mending mangan opo -rek tahu tek ta mie goreng warkop?,0,1,2023-02-06 14:00:26+00:00,0
86,86,1622595890178392064,sbyfess,tim biru ta pink -rek https://t.co/ocMG3AZT8g,0,3,2023-02-06 13:59:41+00:00,1
87,87,1622595740500643842,sbyfess,Infone cuaca dong -rek gawe sby selatan ğŸ™,0,2,2023-02-06 13:59:05+00:00,0
88,88,1622595734314033154,sbyfess,seng blm bobok ayo dm an -ning ! -m21,0,4,2023-02-06 13:59:04+00:00,0
89,89,1622595724100919297,sbyfess,Jam hidup dan jam mati itu artinya apa sih -rek dlm krjaan. Serius tnya,0,2,2023-02-06 13:59:01+00:00,0
90,90,1622595074520666113,sbyfess,-rek aku f tepat satu bulan aku diputusin mantanku dan aku sekarang melihat storynya sudah tersenyum bersama yang lain,0,3,2023-02-06 13:56:26+00:00,0
91,91,1622595068824805378,sbyfess,-ning sing jomblo kene tak bahagianoğŸ˜‹,0,3,2023-02-06 13:56:25+00:00,0
92,92,1622594456502550532,sbyfess,seriusğŸ˜­,0,0,2023-02-06 13:53:59+00:00,0
93,93,1622594455252647936,sbyfess,-rek yaopo pandanganmu ttg lek pas pacaran cewek e ws dikenalno nak keluarga cowo e disikan? sedangkan sg cowok gatâ€¦ https://t.co/dDl7SLF9AR,0,2,2023-02-06 13:53:59+00:00,1
94,94,1622594172179062787,sbyfess,-ning yg masih sendiri ayo berteman sekaligus ngobrol di dm,0,13,2023-02-06 13:52:51+00:00,0
95,95,1622593949969039360,sbyfess,"-ning aku barusan beli serum utk pertama kalinya. kata temen aku sblm pake serum ini, baiknya pake toner-serum-moisâ€¦ https://t.co/PdckuuRIFT",0,5,2023-02-06 13:51:58+00:00,1
96,96,1622593921363894278,sbyfess,tetep pergi. Aku kudu piye?,0,1,2023-02-06 13:51:51+00:00,0
97,97,1622593920202084354,sbyfess,"-rek aku sama temen deketku di kantor suka gibahin temen kerja juga yang pacaran sama suami orang di kantor, malahâ€¦ https://t.co/gL3I4sb7vo",0,2,2023-02-06 13:51:51+00:00,1
98,98,1622593913449230342,sbyfess,"-rek, looking for a full-stack developer to start working on a project. let me know if you are interested",0,2,2023-02-06 13:51:49+00:00,0
99,99,1622593906935472128,sbyfess,-ning dman yok. Sopo eroh isok kenalan lebih cidek terus cocok. Aku M24 :),0,11,2023-02-06 13:51:48+00:00,0
100,100,1622593625648685058,sbyfess,"-rek kota mana yg kalian benci bgt dan ga pengen balik kesana? 

aku: jogja, aku melihat perselingkuhan secara nyatağŸ˜­",0,3,2023-02-06 13:50:41+00:00,0
101,101,1622593177705410562,sbyfess,-rek ayo bangun dunia didalam perbedaan â€¦,0,2,2023-02-06 13:48:54+00:00,0
102,102,1622593153449725952,sbyfess,-rek ada  bengkel motor custom ga daerah Pandaan?,0,2,2023-02-06 13:48:48+00:00,0
103,103,1622592960058789890,sbyfess,"-rek ngerasa gagal aja rekğŸ˜­ğŸ˜­ğŸ˜­ 
Maaf curhat aku gapunya tmnğŸ™ğŸ™ https://t.co/cxCjW7cAvP",0,31,2023-02-06 13:48:02+00:00,1
104,104,1622592912952557569,sbyfess,Udane awet yo -rek huhu ğŸ¥¹,0,2,2023-02-06 13:47:51+00:00,0
105,105,1622592843289341953,sbyfess,"menyudahi tanpa putus dan status, paham kan -rek :) nt mulu",0,5,2023-02-06 13:47:34+00:00,0
106,106,1622592238135156736,sbyfess,-cak mari berteman dgn ku f22 sby,0,38,2023-02-06 13:45:10+00:00,0
107,107,1622592163266826246,sbyfess,Rekomendasi film genre romance indo terbaik -rek,0,3,2023-02-06 13:44:52+00:00,0
108,108,1622592059369746432,sbyfess,-rek tolong yakinkan aku lek xl iki ancen murah polll!!! 2x entok paketan murah murah https://t.co/jjUiYThauV,0,3,2023-02-06 13:44:27+00:00,1
109,109,1622591707262128133,sbyfess,"udah prnh nemuin sosok itu, dan skrg mas pacar udh pergi tp dia masih mau dengerin aku cerita apapun tp aku takut nâ€¦ https://t.co/SvJ165YZ1g",0,2,2023-02-06 13:43:03+00:00,1
110,110,1622591706158997504,sbyfess,"kadang suka mikir, apa yg ngebuat ak sampe kaya pgn buanget disayang sama cowo, diperhatiin, berharap bisa jd rumahâ€¦ https://t.co/jCTAc6YEJN",0,3,2023-02-06 13:43:03+00:00,1
111,111,1622591680619909120,sbyfess,ngerjain laporan pkl uda kek mo meninggoy apalagi skripsweet ya -rek ğŸ˜­,0,2,2023-02-06 13:42:57+00:00,0
112,112,1622591490215260160,sbyfess,Punya koceng kok suka rebahan di kotak uang ğŸ˜­ğŸ˜­ -rek https://t.co/7e5pTEwtRU,0,13,2023-02-06 13:42:12+00:00,1
113,113,1622591297625399296,sbyfess,"hujan masih air, areknya masih milik yuni -rek",0,3,2023-02-06 13:41:26+00:00,0
114,114,1622590918338711553,sbyfess,Lho -rek coverku kok malih ngene?? https://t.co/GP5TzP83DQ,2,14,2023-02-06 13:39:55+00:00,1
115,115,1622590539970523141,sbyfess,ayo dm an -ning yg mau,0,8,2023-02-06 13:38:25+00:00,0
116,116,1622590402187632642,sbyfess,"Sebelum mf tutup, mootoalan ayo -rek be'e isok nggolek one piece bareng",0,13,2023-02-06 13:37:52+00:00,0
117,117,1622589716788051969,sbyfess,-ning awakmu gak pingin uwu ta? aku pingin ngasih coklat arek wedok random jen uwu. Omahmu daerah endi? Lak cidek eâ€¦ https://t.co/E51iBcnv5C,0,11,2023-02-06 13:35:09+00:00,1
118,118,1622588962127872000,sbyfess,"-rek
Spill cara ngomong ke temen kost sekamar, biar kita ngekost sendiri"" ğŸ¥º, I know sebaik baiknya pertemanan pastiâ€¦ https://t.co/rKD8ka2RhO",0,2,2023-02-06 13:32:09+00:00,1
119,119,1622588846750982144,sbyfess,-rek info cuaca daerah upn dan sekitarnya hujan ta? suwunn,0,3,2023-02-06 13:31:41+00:00,0
120,120,1622588716094230529,sbyfess,"-rek range biaya lamaran sederhana brp ya mbe seserahan e yg mksd e ""pantes"" gitu",0,2,2023-02-06 13:31:10+00:00,0
121,121,1622588564856004608,sbyfess,hoalah -rek ate marah2 ng bosku tp how https://t.co/QM5GaG0RK4,0,1,2023-02-06 13:30:34+00:00,1
122,122,1622588172151693313,sbyfess,"Apa pendapatmu mengenai stoikisme -rek ? 

 https://t.co/8mTqZBfIzz",0,25,2023-02-06 13:29:01+00:00,1
123,123,1622587592867987456,sbyfess,"omahmu ndi -rek ojo2 tonggoo kitaaaÃ¡~ 
 https://t.co/EgIzeuDDcC",11,71,2023-02-06 13:26:43+00:00,1
124,124,1622587489474199553,sbyfess,"-rek user ip mungkin perna sama, wifinya lg lancar bgt tp kok gabisa nyantol knp ya? di hp andro org ruma lancar2 aâ€¦ https://t.co/phcxrpSnhO",0,2,2023-02-06 13:26:18+00:00,1
125,125,1622587061592268803,sbyfess,-Rek kesel ga sih kalian sama temen yg kalo curhat bilang gamon2 ke kita nge ss in chatannya sama doinya puanjang bâ€¦ https://t.co/u4ORcFNbRo,0,2,2023-02-06 13:24:36+00:00,1
126,126,1622587046798958594,sbyfess,"Jadi rencananya sender mau ke Surabaya hari Minggu. Tujuannya mau ke KBS, sender berangkat dari arah Malang. Kira2â€¦ https://t.co/Il2WKlqtf5",0,5,2023-02-06 13:24:32+00:00,1
127,127,1622587027903639561,sbyfess,"-rek Mootualan yok mbi mas"" m24+, like aja nanti tak follow jangan lupa fb yaa",0,6,2023-02-06 13:24:28+00:00,0
128,128,1622586516928331779,sbyfess,"-rek aku ket an meh semaput mergo darah rendahku kumat, kudu mangan tah ngombe opo ya ben baikan? 
tia ğŸ™",1,4,2023-02-06 13:22:26+00:00,0
129,129,1622586198219952128,sbyfess,-rek mending beli lenovo 6.5 (core i3) atau beli laptop hp 5.3 (intel pentium) keduanya ramnya 8gb ssd 256gb,0,1,2023-02-06 13:21:10+00:00,0
130,130,1622586169681928192,sbyfess,"kochenk daddy
aduh ngerinyaa wkwk -rek https://t.co/iJdnJq2PYd",1,5,2023-02-06 13:21:03+00:00,1
131,131,1622585973732417537,sbyfess,"-rek td lutut ku hbs kesleo dikit, awalnya kek ototnya geser gitu trs bisa tak balikin lg. Tp skrng masih sakit bgtâ€¦ https://t.co/JYj0eEQ4hF",0,0,2023-02-06 13:20:16+00:00,1
132,132,1622585637055631361,sbyfess,-rek spill resep mamam yang mengandung protein tinggi dongg... atau racikannya yang high prot.. mamaciw,0,1,2023-02-06 13:18:56+00:00,0
133,133,1622585505971052544,sbyfess,cuma 3 atau 4 kali gitu. Sender pacaran hampir setahun. Misal tak ajak ketemu nde tengahÂ² biar dia ga kejauhan teteâ€¦ https://t.co/cqZmno96K2,0,0,2023-02-06 13:18:25+00:00,1
134,134,1622585504888918016,sbyfess,"-rek aku nduwe pacar, tapi aku merasa sendirian. Kita ketemu bisa 2-4 bulan sekali, posisi ga ldr Â± 30km an. Tiap aâ€¦ https://t.co/REfgqwGCEo",0,4,2023-02-06 13:18:25+00:00,1
135,135,1622585284708933637,sbyfess,"-rek , sapa sing minat berangkat acara di darjo?? Barengan kuy, apa meet di tempat biar kita bisa berkawan hehe fyiâ€¦ https://t.co/kGoup63Xah",0,0,2023-02-06 13:17:32+00:00,1
136,136,1622585050285088769,sbyfess,-rek aku mene arep ketemu keluarga doiku mergo onok acara dan aku diundang. Trs aku ovt wedi ketemu kuluarga besareâ€¦ https://t.co/kV6DYM346g,0,1,2023-02-06 13:16:36+00:00,1
137,137,1622584629109878784,sbyfess,-rek kira2 besok bunderan waru bakal macet gak ya karena harlah NU? ato bunderan waru gaikut dampak macet? aku dari arah mojokerto btw,0,0,2023-02-06 13:14:56+00:00,0
138,138,1622584599053492225,sbyfess,"-rek boleh saranin healing sendirian area sby sda, makasih ya",0,0,2023-02-06 13:14:49+00:00,0
139,139,1622584552219906048,sbyfess,"-rek tolongono akuu, pegel ngguyu ket mau ga mari mariğŸ˜­ğŸ˜­ğŸ˜­ https://t.co/ZgZ9gSbKaz",21,197,2023-02-06 13:14:38+00:00,1
140,140,1622584220119105540,sbyfess,-cak saran selebgram sejenis padil atau akun ig seng menghibur dongg,0,0,2023-02-06 13:13:18+00:00,0
141,141,1622583723144413185,sbyfess,"aku bodoh, ya emang. Dari sini aku belajar pentingnya â€œkepoâ€ di awal kita kenal, bukan apa2 trauma kejadian keulangâ€¦ https://t.co/mJ8SkW3b39",0,2,2023-02-06 13:11:20+00:00,1
142,142,1622583722028703744,sbyfess,"pisah sama istrinya dan ngaku duda. Sialnya lagi dia mokondo. Selain ngabisin waktu, dia ngabisin duitku. Haha, cinâ€¦ https://t.co/NKg7iIYoEg",0,3,2023-02-06 13:11:20+00:00,1
143,143,1622583720900460544,sbyfess,"-rek aku mau cerita, plis bgt jgn dihujat. Semoga jadi pelajaran berharga buat kalian perempuan di luar sana. Hati-â€¦ https://t.co/N1qUB0B3Am",0,7,2023-02-06 13:11:19+00:00,1
144,144,1622583318071107589,sbyfess,-rek titipan mohon infonya hehehe terimakasih https://t.co/cbLFC3TWqc,0,11,2023-02-06 13:09:43+00:00,1
145,145,1622583223841882112,sbyfess,"-rek
Mau tanya dong, samsat tuh mulai beroperasi jam berapa ya? Matur nuwunğŸ™ğŸ»",0,3,2023-02-06 13:09:21+00:00,0
146,146,1622582937689661447,sbyfess,-rek ttipan btw ada yang jualan makanan di syovivud gaa aku jualan makanan trs beberapa bulan sempet off dan baru mâ€¦ https://t.co/EeUqUsL9V6,0,3,2023-02-06 13:08:13+00:00,1
147,147,1622582931616321538,sbyfess,"-cak
Konco kosku bar medotno lato latone arek cilik (gegara dee adu suwe suwean dulinan lato lato)
Trus saiki ngareâ€¦ https://t.co/2EFZ5rfctZ",0,6,2023-02-06 13:08:11+00:00,1
148,148,1622582734827982849,sbyfess,yo gk repot,0,1,2023-02-06 13:07:24+00:00,0
149,149,1622582733590642689,sbyfess,"Aku pgn cerito -rek. Aku kan guru bantu nang salah siji sekolah, dan aku gak mlebu dapodik. Mene kan anok acarane aâ€¦ https://t.co/vqBxSwlDPg",0,2,2023-02-06 13:07:24+00:00,1
150,150,1622582245075845121,sbyfess,-rek ada yang mau join grup anak twitter ga? Tiap bulan ngadain meet up loh. Buat yang dom luar surabaya juga boleh gabung,1,5,2023-02-06 13:05:28+00:00,0
151,151,1622582203262828544,sbyfess,"-rek bee onok arek darjo ng kene. 
Mene kan onok acara satu abad NU ng darjo, iku onok dresscode e ta? Info dong, bee onok sg ero. Suwun ğŸ™",0,2,2023-02-06 13:05:18+00:00,0
152,152,1622581877516439552,sbyfess,Ada yang tau kalo akun toko oren tbtb ke logout sendiri dan gabisa login lagi ngga? Kira2 kenapa yaa?? -rek,0,2,2023-02-06 13:04:00+00:00,0
153,153,1622581747409121280,sbyfess,-Rek ayo keluarkan lagu sheila on 7 andalanmu itu,0,4,2023-02-06 13:03:29+00:00,0
154,154,1622581716077674496,sbyfess,"Instagram ngopo iki -rek kok gaiso post landscape, begitu klik post dadine square kabeh slide e",0,2,2023-02-06 13:03:21+00:00,0
155,155,1622581567842574336,sbyfess,ada yang pernah nyewa apart disini? -rek soalnya uang aku blm dikembalikanğŸ˜­ğŸ˜­ https://t.co/Bv4ASnFv5V,0,2,2023-02-06 13:02:46+00:00,1
156,156,1622581441313001473,sbyfess,-rek menurut kalian selingkuh itu bisa dimaafin ga? Minta pendapatnya yağŸ™,0,2,2023-02-06 13:02:16+00:00,0
157,157,1622581228829569026,sbyfess,"Nyuwun solusi e yo -rek, suwun ğŸ™ https://t.co/GIEkRtDQA6",0,10,2023-02-06 13:01:25+00:00,1
158,158,1622580584412491777,sbyfess,-rek ada yang punya chanel/grup SPG event kalo bisa sing jumat sabtu minggu? Atau kerjaan yang waktunya masih bisaâ€¦ https://t.co/AFPE5kDRMd,0,2,2023-02-06 12:58:52+00:00,1
159,159,1622580019561398272,sbyfess,-rek nek kita ngesave video e wong ng tiktoq opo creator e bakal ngerti?,0,2,2023-02-06 12:56:37+00:00,0
160,160,1622579716216750081,sbyfess,"-rek aku bakal kangen Surabaya ğŸ˜­ğŸ˜­ğŸ˜­ kangen vibesnya walau macet di mana-mana, yg jualan sate 24jam, gedung"" tinggi dâ€¦ https://t.co/Pg58dmopYV",0,5,2023-02-06 12:55:25+00:00,1
161,161,1622579221595066375,sbyfess,"-rek ada yang pernah kartu atm BRI nya terblokir? kalo ada mau nanya2, makasih.",0,2,2023-02-06 12:53:27+00:00,0
162,162,1622578946595516416,sbyfess,"-rek awakmu lek kangen areknya biasane lapo/yaopo? Posisi awm guduk sopo""ne alias sek ngecrush",0,4,2023-02-06 12:52:21+00:00,0
163,163,1622578488166486017,sbyfess,info dman ta callan -cak. sender f,0,14,2023-02-06 12:50:32+00:00,0
164,164,1622578461859774471,sbyfess,Ada yg mau brngkat ke 1 abad nu ta -rek yg mau brngkat nnti malem sampe nnti pagi liat habib syeh. Aku dari pusat mâ€¦ https://t.co/z678yiEor5,0,3,2023-02-06 12:50:26+00:00,1
165,165,1622578373758451712,sbyfess,-rek biaya kursus mobil range brp ya? Apa ada rekomendasi kursus mobil yg bagus? Makasih,0,2,2023-02-06 12:50:05+00:00,0
166,166,1622577883301691397,sbyfess,"timbang gabut ayo telfonan -ning
Kamu sing nyanyi aku sing gitaran. 
Rep/like tak ketuk dmmu.",0,4,2023-02-06 12:48:08+00:00,0
167,167,1622577453955960833,sbyfess,Lhoooo ngga sengaja tumpah kan -rek  https://t.co/yXvzM4fSx0,2,20,2023-02-06 12:46:25+00:00,1
168,168,1622576467686346753,sbyfess,-ning kenapa ga cukup sama 1 cowo ??,0,3,2023-02-06 12:42:30+00:00,0
169,169,1622576258038251520,sbyfess,di royal plaza ada photobox kek gini ga si? kalo ada di sebelah mana dan harganya berapa yaa? terimakasiii -rek https://t.co/nZSc3lRyGI,0,18,2023-02-06 12:41:40+00:00,1
170,170,1622575945491304450,sbyfess,"-rek awakmu seng shift malam piye cek iso turu suwi awan"". ben ga ngantuk nang kantor",0,1,2023-02-06 12:40:26+00:00,0
171,171,1622575686589489152,sbyfess,-rek kampus yang akreditasinya lumayan bisa untuk kelas karyawan (yang jam pulang kerjanya nggak tentu) / kampus yaâ€¦ https://t.co/bqSAFjZNjK,0,2,2023-02-06 12:39:24+00:00,1
172,172,1622575500999921667,sbyfess,"-ning ayo dman, m28 disini ğŸ˜ğŸ™",0,8,2023-02-06 12:38:40+00:00,0
173,173,1622575131750170628,sbyfess,-rek lek hubungan tanpa status gak perlu ngerayakno valentine kan?,0,1,2023-02-06 12:37:12+00:00,0
174,174,1622573970276093954,sbyfess,"-rek
""btw stay dimana??""
""Stay in the middle""
""Dimana itu??""
""Di tto""",0,1,2023-02-06 12:32:35+00:00,0
175,175,1622573940085522432,sbyfess,Halo -rek disini ada yg kerja bagian admin project gk? Klo ada boleh aku ketuk dm nya gk yaa ğŸ¥º,0,0,2023-02-06 12:32:27+00:00,0
176,176,1622573567711019008,sbyfess,-rek cowo itu suka ga si kl dibuat ngerasa benerâ€ dibutuhin? all about in my life aku pgn km ada didalamnya. ato maâ€¦ https://t.co/LalXzMU1cw,0,5,2023-02-06 12:30:59+00:00,1
177,177,1622573451964997632,sbyfess,"Ngobrol di dm kuy -ning like or rep, m25~",0,63,2023-02-06 12:30:31+00:00,0
178,178,1622572820680282112,sbyfess,"Jalan2/dolan dewe iku opo aneh se -rek? Kok konco2ku mesti komen negatif nng aku, smpe aku gatau post story maneh lak metu deweğŸ˜”",0,2,2023-02-06 12:28:01+00:00,0
179,179,1622572255778848768,sbyfess,-ning Bee onok seng butuh support sistem. Sopo eroh isok saling support :),0,7,2023-02-06 12:25:46+00:00,0
180,180,1622571356557828096,sbyfess,-rek fitur dm bakal muncul lak diri u buka tw lewat laptop/pc/komputer,0,2,2023-02-06 12:22:11+00:00,0
181,181,1622571087556141056,sbyfess,-rek jasa h4ck wasaf iku tenanan onok ta? aku kok rodok ngeri wasaf ku diapak apakno yo? jarene gak bakal eroh lekâ€¦ https://t.co/8qdqIeUCUc,0,1,2023-02-06 12:21:07+00:00,1
182,182,1622571084230045697,sbyfess,COOKK KANTORKU NEMEN COOK LEMBUR 1 JAM DIBAYAR UBI CILEMBU COOKK AREPE  RESIGN NING GOLEK KERJOAN YO ANGEL SUU KAKEANE -rek,1,32,2023-02-06 12:21:07+00:00,0
183,183,1622570369273176069,sbyfess,"-ning jujur aku takon. Lebih pilih:
A. Pendek Ganteng tp bau ketek
B. Tinggi jelek tapi wangi

(((Gaada opsi berduit tai kocheng)))",0,1,2023-02-06 12:18:16+00:00,0
184,184,1622570075357319168,sbyfess,"Imo, man city mek bergairah lek kejar kejaran juara karo liverpool. -rek",0,1,2023-02-06 12:17:06+00:00,0
185,185,1622570063684571138,sbyfess,"Kodam hujan ga yaa
Mau nyari jajan kesana -ning",0,1,2023-02-06 12:17:03+00:00,0
186,186,1622570036102844418,sbyfess,Kalian tim yang mana -rek ?  Yg jomblo juga boleh jawab ğŸ˜Š https://t.co/kSM3Jj8zQP,3,48,2023-02-06 12:16:57+00:00,1
187,187,1622569467531390977,sbyfess,"-rek info yg jual tiket konser tulus yg perunggu dong, oh ya kalo ots gitu ada kuota e kah? Kalo dateng awal pun adâ€¦ https://t.co/yzjQVixRSy",0,2,2023-02-06 12:14:41+00:00,1
188,188,1622569265516937216,sbyfess,-rek spill ootd buat ke bromo dong. Cewek yaa. Makasihhh,0,1,2023-02-06 12:13:53+00:00,0
189,189,1622568887006150658,sbyfess,"Sopo sing seangkatan? Dunyo iso secepat iku yo -rek , sedih ga sih nek durung nduwe pencapaian opo2 ğŸ¥² https://t.co/DZrIkwSe8P",0,2,2023-02-06 12:12:23+00:00,1
190,190,1622568353125761026,sbyfess,school / sing lucu karo enteng,0,0,2023-02-06 12:10:15+00:00,0
191,191,1622568352047849472,sbyfess,-rek aku kok moro bosen yo ndelok extraordinary attorney woo young woo?? Opo aku ancene bodo makane ngga cocok karoâ€¦ https://t.co/kbpgZTD0HM,0,0,2023-02-06 12:10:15+00:00,1
192,192,1622568246712074241,sbyfess,-rek shopefood lagi eror kah ?,0,1,2023-02-06 12:09:50+00:00,0
193,193,1622567742472867842,sbyfess,-rek di tempat kalian hujan ga?,0,2,2023-02-06 12:07:50+00:00,0
194,194,1622566981768736769,sbyfess,-ning how was your day? ayo ngobrol di dm,0,28,2023-02-06 12:04:48+00:00,0
195,195,1622566734329966594,sbyfess,"saranin tws yang bagus dan harga e masuk akal dong -rek , thanks",0,2,2023-02-06 12:03:49+00:00,0
196,196,1622566161589358592,sbyfess,"-ning Mergo sun pengen diwelasi, 
Magih pengen di sayangi
,Koyo bengene waktu magih sesandingan",0,0,2023-02-06 12:01:33+00:00,0
197,197,1622565583115149313,sbyfess,-rek tolong saranin game di hp yg seru dong. makasih yg jawab semoga rezekinya lancarğŸ¥ºğŸ™,0,4,2023-02-06 11:59:15+00:00,0
198,198,1622565280332541954,sbyfess,"btwwww abis ini valentine, mau ngasih sesuatu buat mas pacar. saranin pacar dong -rek",0,1,2023-02-06 11:58:03+00:00,0
199,199,1622565217279574019,sbyfess,"Kamu bisa selingkuh, tapi kamu tidak bisa lari dari kebenaran",35,237,2023-02-06 11:57:48+00:00,0
0,0,1622623482793316353,starfess,-hi last music video yang kalian tonton di yutub apaaa,0,0,2023-02-06 15:49:19+00:00,0
1,1,1622623188449648640,starfess,"-hey HII! SAPA YG HABIS WAMIL MALAH TAMBAH CUTE?? ğŸ˜­

 https://t.co/gTMvGFo8qk",7,26,2023-02-06 15:48:09+00:00,1
2,2,1622622544909193218,starfess,-hey Mark lee bikin serasa ingin aku tarik ke altar ğŸ˜­ https://t.co/9z9XM8Q9Q9,1,13,2023-02-06 15:45:36+00:00,1
3,3,1622622451330068480,starfess,"-hi pas nonton interview nct 127 salfok ke outfit miyeon yuqi, cocok jadi inspirasi outfit ke konser nct nih ğŸ‘ https://t.co/Vki3sH0nxK",0,5,2023-02-06 15:45:13+00:00,1
4,4,1622621607805206530,starfess,"-hey idol berambut blonde/warna warni, mari tunjukkan pesonamu https://t.co/8Nxbs4Rk2Z",0,3,2023-02-06 15:41:52+00:00,1
5,5,1622621405753004034,starfess,-base serim ekspresinya bikin salfok kayak bapak bapak yang lagi natap anak kebanggaannya ğŸ˜‚ senyumnya bapak-bapak bâ€¦ https://t.co/dzkawBthh4,0,3,2023-02-06 15:41:04+00:00,1
6,6,1622621251348082689,starfess,-guys sebutin grup idol kpop yg underrated tapi lagu nya bener2 enak nd easy listening ğŸ§,0,1,2023-02-06 15:40:27+00:00,0
7,7,1622621178803400704,starfess,"Kalo seandainya grup idol tu dibentuk berdasarkan line kalian bakal stan grup dari line berapa?

Me: 97l ma 02l -guys",0,1,2023-02-06 15:40:10+00:00,0
8,8,1622620422130003970,starfess,"-hey lupa kapan terakhir kali dengerin lagu ini.. :') dulu bucin bgt ma lagu ini ampe di puter 24/7 ngga ganti2ğŸ˜† 

 https://t.co/Lge7ElMHhH",1,18,2023-02-06 15:37:10+00:00,1
9,9,1622620220170055680,starfess,"-hey tell me ur top 4 girl idol

mine : https://t.co/g39Ji8lrkU",0,56,2023-02-06 15:36:21+00:00,1
10,10,1622618890567315456,starfess,-guys Akhir nya ada interaksi dari dua cimol iniğŸ˜­ ğŸ™ğŸ» ğŸ™ğŸ» https://t.co/6VaAmEKMEY,53,541,2023-02-06 15:31:04+00:00,1
11,11,1622618776595480576,starfess,-hey saranin bias kalian dongs ~ ~ ~ ~,0,1,2023-02-06 15:30:37+00:00,0
12,12,1622617489623638018,starfess,-idol kenapa harus nyerah kalau BSS sama Youngji minta buat fighting ğŸ’ªğŸ»ğŸ’ªğŸ» semangat semua yang lagi berjuang!!!!  https://t.co/NpTBZkFmlX,4,26,2023-02-06 15:25:30+00:00,1
13,13,1622616658887192576,starfess,"-idol are you guys sure that Phuwin is a human??? INI MAH ANIME BANGET ğŸ˜­â˜ï¸

cr. on pict https://t.co/pjtNU4bKle",0,11,2023-02-06 15:22:12+00:00,1
14,14,1622616551299108864,starfess,-base MINA SHARON MYOI â€¼ï¸ğŸ’— MINA SHARON MYOI â€¼ï¸ğŸ’— https://t.co/kMYYwUBSyF,7,57,2023-02-06 15:21:47+00:00,1
15,15,1622615459265933312,starfess,"I'll pray for you all the time
If I could be by your side
I'll give you all my life 

ğŸ seasons - wave to earth, siâ€¦ https://t.co/oLEdIL0k6n",2,14,2023-02-06 15:17:26+00:00,1
16,16,1622615243414441987,starfess,-hi kenapa ya kalo liat jungwon itu bawaannya pengen sender bedongin kek bayiiiğŸ˜­ğŸ˜­ğŸ˜­ğŸ˜­ https://t.co/zGjTFN1J9h,0,9,2023-02-06 15:16:35+00:00,1
17,17,1622615053911609345,starfess,phuwin lama lama mirip jake enha ga sih? -guys https://t.co/fBFip1DHvo,0,4,2023-02-06 15:15:50+00:00,1
18,18,1622614896570695681,starfess,"-hey Mina ini aura bangsawannya keliatan bgt ga sih, maksudnya kaya aura kelas atasnya itu menonjol bgt woy. cakepnâ€¦ https://t.co/yfwIGtqgyK",3,10,2023-02-06 15:15:12+00:00,1
19,19,1622614862919782400,starfess,"-idol Trio comedian dan cheerleadersnya SVT mau nyemangatin kamu nih!

Katanya, meskipun sulit harus tetep keep goiâ€¦ https://t.co/VfWkqxfhNs",2,11,2023-02-06 15:15:04+00:00,1
20,20,1622614293543002112,starfess,"-guys yunjin tuh bener"" definisi born to be idol emang bener siap banget jadi idol mana cewenya pinter,ga jaim cakeâ€¦ https://t.co/qnGoe5uoVy",0,5,2023-02-06 15:12:48+00:00,1
21,21,1622613805506383872,starfess,-hi Kenapa yaa aku ngeliat jongho tuh kayak mirip kim seonho ğŸ«   https://t.co/Mryfl4lA5W,7,10,2023-02-06 15:10:52+00:00,1
22,22,1622613520205643776,starfess,"-idol Sirkel orang orang random nan frik. Tapi, tetep aja diriku ini pengen join juga ğŸ˜”ğŸ˜” https://t.co/iJELykK0HQ",0,5,2023-02-06 15:09:44+00:00,1
23,23,1622611519405182976,starfess,"-hey 

spill lagu b-side bias kamu yang wajib didengerin yorobun!!!",1,1,2023-02-06 15:01:47+00:00,0
24,24,1622611247354216450,starfess,-idol Yang aus yang aus ï¸ï¸ ï¸ï¸ï¸ï¸ï¸ï¸ ï¸ï¸ï¸ï¸ï¸ï¸ ï¸ï¸ï¸ï¸ï¸ï¸ ï¸ï¸ï¸ï¸ https://t.co/2ksyG4Di3w,5,36,2023-02-06 15:00:42+00:00,1
25,25,1622611110317920257,starfess,"-hey drop foto idol kalian as model dong 
me: https://t.co/7YnKyu08Vj",1,36,2023-02-06 15:00:10+00:00,1
26,26,1622610521114705920,starfess,-guys mabelz from pixxie ğŸ¥¹ğŸ¤ğŸ»                          https://t.co/moZrbCe3Iw,0,7,2023-02-06 14:57:49+00:00,1
27,27,1622610066846412801,starfess,"-hey Trainee Produce 101 S2 Bae Jinyoung ğŸ¥ºğŸ˜ 
cr polar night https://t.co/kgymDJaJJf",9,91,2023-02-06 14:56:01+00:00,1
28,28,1622610043840663552,starfess,"-hi kalian kepikiran punya hidup kayak Jeonghan ngga gais? Banyak yg bisa diceritain, tapi semoga hari kalian tidakâ€¦ https://t.co/PAeEVyMph6",1,13,2023-02-06 14:55:55+00:00,1
29,29,1622609859182223360,starfess,-hi idol yg sering foto pemandangan siapaa aja yaa? Kalau boleh drop foto2nya jg dongğŸ¤— thankyouu,0,4,2023-02-06 14:55:11+00:00,0
30,30,1622608860933677056,starfess,"-base ini KEITA pas jadi trainee di survival YGTB, dan sekarang dia di survival Boys Planet. 

talentnya no kaleng2â€¦ https://t.co/sF2qkkfnwd",1,5,2023-02-06 14:51:13+00:00,1
31,31,1622608703664029696,starfess,"-hey maaf kalo tmi tapi aku stan NCT 127 garaÂ² lihat video Taeyong nyalepin ikan ğŸ˜­

 https://t.co/Qv4VXUB8ti",3,32,2023-02-06 14:50:36+00:00,1
32,32,1622608684810649602,starfess,-guys Kenalin boygroup yg terbangnya kejauhan nih. Ada yg masih inget mereka? Kangen ngga? https://t.co/xMgLXoBxQy,0,27,2023-02-06 14:50:31+00:00,1
33,33,1622608598319927296,starfess,-idol kasih tunjuk idol kalian yang kayak gini ğŸ˜­ https://t.co/XHw1JEN7br,5,63,2023-02-06 14:50:11+00:00,1
34,34,1622608593320308736,starfess,"-hi Let's reminisce with Trouble Maker Jongyeol version ğŸ¤©ğŸ¤©

 https://t.co/1GYcMJvZYH",8,54,2023-02-06 14:50:09+00:00,1
35,35,1622608038594252802,starfess,-hey menurut sender lirik lagu Niki tuh bener bener âœ¨lainâœ¨ coba rep penggalan lirik lagu Niki yg menurut kalian bagâ€¦ https://t.co/ErdAG6NzDk,0,4,2023-02-06 14:47:57+00:00,1
36,36,1622607841990438913,starfess,"-guys mashi, jinni kalian dimana.. 
:( bisa ya dua biasku grad",0,1,2023-02-06 14:47:10+00:00,0
37,37,1622607810713522178,starfess,"-base drop yuk lirik terjemahan lagu yang kalian sukaa banget. I'll go first, beautiful by NCT 2021 https://t.co/kIkJ9hcuJ1",0,3,2023-02-06 14:47:03+00:00,1
38,38,1622607337809924097,starfess,-hey Woy Zayyan loe ganteng banget gils ! ! ! https://t.co/0CJw9bsRCU,0,11,2023-02-06 14:45:10+00:00,1
39,39,1622607322991460353,starfess,sejauh ini coba spill album tercakep dari grup yang kalian stan dong -guys,1,2,2023-02-06 14:45:07+00:00,0
40,40,1622606330493280257,starfess,"-guys gara gara lewat Tl tadi, gue jadi kangen zero base hueeeğŸ˜­ğŸ˜­ğŸ˜­ https://t.co/8eOVJR9MzM",3,17,2023-02-06 14:41:10+00:00,1
41,41,1622606237937590272,starfess,-hey abangnya hyein newjeans bener-bener hyein versi cowok alias plek ketiplek gitu mukanya ğŸ˜­ https://t.co/LnNUSOSRMv,93,2018,2023-02-06 14:40:48+00:00,1
42,42,1622606215674220544,starfess,-hey choi chanhee from the boyzğŸ˜   https://t.co/yM3IZnWIlw,7,55,2023-02-06 14:40:43+00:00,1
43,43,1622606128013246464,starfess,-hi lihat .. pacarku update sama kucing ğŸ«£ ğŸ«£ ğŸ«£ mas..mas.. minggir jangan ditengah jalan!!! https://t.co/EKJ9W9ne3h,0,2,2023-02-06 14:40:22+00:00,1
44,44,1622606074158395394,starfess,-guys sebutin judul lagu dari idol kalian yg cocok buat bikin study playlist,1,1,2023-02-06 14:40:09+00:00,0
45,45,1622604880115556353,starfess,"-base diantara mereka, siapa favorit kalian? 
me : doh kyungsoo https://t.co/0dLdzPVFn9",2,30,2023-02-06 14:35:24+00:00,1
46,46,1622604851728519169,starfess,"-guys si paling jaga jarak soalnya masih punya wudhu, ada yg idolnya sama ky gini juga? ğŸ˜… https://t.co/2ciobYWqhk",2,22,2023-02-06 14:35:17+00:00,1
47,47,1622604837182648321,starfess,"-idol drop foto idolmu yg konsepnya lagi turu itu dongğŸ˜´
sender first: https://t.co/4SLKbrC0K8",2,6,2023-02-06 14:35:14+00:00,1
48,48,1622604824591335424,starfess,"-guys
Hwang hyunjin from stray kids y'all ğŸ”¥ ğŸ”¥ ğŸ”¥
 https://t.co/BT2RXZnqpB",0,33,2023-02-06 14:35:11+00:00,1
49,49,1622604798053998593,starfess,-guys tunjukkin pap dari biasmu yang super duper sangat amat kece itu dong,0,0,2023-02-06 14:35:05+00:00,0
50,50,1622603767387680769,starfess,-hi ga nyangka bakal bisa lihat lee yunji in sopa uniform di thn 2023 ğŸ˜­ğŸ˜­ https://t.co/fAbZfelYNh,0,0,2023-02-06 14:30:59+00:00,1
51,51,1622603615600001026,starfess,"kim sunoo menolak jadi serem xixi malah jadi kittyğŸ± -hi

 https://t.co/2K4148oYgX",0,10,2023-02-06 14:30:23+00:00,1
52,52,1622603563355734018,starfess,-base ada2 saja kelakuan para bocah2 ini ğŸ˜­ğŸ˜­ğŸ˜­ğŸ˜­ğŸ˜­ .  https://t.co/V59UZPje8D,2,12,2023-02-06 14:30:10+00:00,1
53,53,1622603562592399360,starfess,-hey boleh rekomenin aku lagu yang full rap yang kayak gini gak ya? thank you!!! https://t.co/vdvDeWWhJN,0,10,2023-02-06 14:30:10+00:00,1
54,54,1622602928275214337,starfess,-base dear carats ada yg nyimpen video wonwoo yg pernah rame bgt dulu gaa. dia pake jas terus jalan slowmo ngelewatâ€¦ https://t.co/bssfMOGvQf,2,9,2023-02-06 14:27:39+00:00,1
55,55,1622602474149519360,starfess,"-hey, sebutin fav b-side dari itzy dong, all era yaaağŸ˜˜ https://t.co/AhshINwLIZ",0,60,2023-02-06 14:25:50+00:00,1
56,56,1622602371749801985,starfess,"-base LAGU INI ENAAK BANGET, CHILL DAN ADEM SESUAI NAMANYA COCOK BANGET DIDENGERIN HABIS PULANG KERJA ATAU KULIAH ğŸ˜­ğŸ’– https://t.co/nQaormegWa",2,42,2023-02-06 14:25:26+00:00,1
57,57,1622602332868579328,starfess,-base // this is an appreciation tweet buat le sserafim dari sender as a non-fan soalnya lagunya enak2 BGTğŸ˜”ğŸ’˜  https://t.co/GBhzPS92zY,0,7,2023-02-06 14:25:17+00:00,1
58,58,1622602306146684928,starfess,-hi bule jerman - jepang 06l ğŸ¤© ğŸ¤© ğŸ¤© ğŸ¤© ğŸ¤© https://t.co/9HduJG2kOE,0,3,2023-02-06 14:25:10+00:00,1
59,59,1622601116117766150,starfess,"-base takut banget ada cowok 00L
Ganteng banget ğŸ˜­ mana tinggi pula
Kenalin guys dia yoonwoo from trendz, dia kalo dâ€¦ https://t.co/IA3RgrPjZq",0,2,2023-02-06 14:20:27+00:00,1
60,60,1622601069703630848,starfess,"-hey jangan biarkan anak exo potong kue ğŸ¥²ğŸ¥²
cr milkteus https://t.co/99xbJ7EtUX",5,66,2023-02-06 14:20:16+00:00,1
61,61,1622601057682755585,starfess,"-guys let me introduce ""Tteok Twi Soon"" a.k.a tteokbokki twigim soondae
baru aja lahir td sore. tinggal nunggu lighâ€¦ https://t.co/ueLKrreXAI",3,16,2023-02-06 14:20:13+00:00,1
62,62,1622601054847401987,starfess,-idol whoo your bias from this groupâ“ https://t.co/PQLnnp9fAP,1,23,2023-02-06 14:20:12+00:00,1
63,63,1622599790206013440,starfess,-hey wonjin with barista outfit guyss ğŸ¥¹ ğŸ«¶ ğŸ’— ğŸ’˜ https://t.co/0T2YqlrLel,3,9,2023-02-06 14:15:11+00:00,1
64,64,1622599775228141569,starfess,"-hi rekomen lagu lagunya ateez dong gais, akhir akhir ini sender lagi seneng dengerin turbulence, wave, sama answerâ€¦ https://t.co/ULEQIrDJT2",0,2,2023-02-06 14:15:07+00:00,1
65,65,1622599773105827846,starfess,"-idol ini di fm woohyun, ada lagu dimana yang nyanyi woohyun ft inspirit. Kalo di konser/fm grup favorit kalian adaâ€¦ https://t.co/TjuIHE78R1",1,4,2023-02-06 14:15:07+00:00,1
66,66,1622598608506990592,starfess,-base sumpah dia siapa ya? ganteng banget suerrğŸ˜­ğŸ˜­ https://t.co/aPh1d5huN6,131,3230,2023-02-06 14:10:29+00:00,1
67,67,1622598583148253184,starfess,"-guys boleh rekomendasiin sender b-side nct yang jarang orang tau, tp harus bangetttt didenger. thank youu ğŸ«¶",0,4,2023-02-06 14:10:23+00:00,0
68,68,1622598535979098113,starfess,"-hi mungkin kalo ada 100 filter juga bakal dicobain semua sama mereka sampai filternya habisğŸ˜‚
 https://t.co/H9NsnRb8ih",3,12,2023-02-06 14:10:12+00:00,1
69,69,1622598521823297537,starfess,"-base guysss aku baru baru ngestan dreamis biasku renjun, drop foto foto dia favorit kalian dongg ğŸ¥° https://t.co/oSU5GYOeHI",1,64,2023-02-06 14:10:08+00:00,1
70,70,1622597413281349638,starfess,"-guys Jaemin and Nam Goong Min. Ini mirip bngtt ğŸ˜­ğŸ˜­ğŸ˜­

ctto https://t.co/kK8waAdPPN",248,2104,2023-02-06 14:05:44+00:00,1
71,71,1622597275053871105,starfess,"kalo hari ini kalian liat ada yg nangis, mungkin dia directioners -idol https://t.co/C6fMhO1v87",24,302,2023-02-06 14:05:11+00:00,1
72,72,1622597258251489280,starfess,-hey rekomendasi lagu kpop buat nemenin tidur/study gitu donggğŸ’—,0,4,2023-02-06 14:05:07+00:00,0
73,73,1622597252111007744,starfess,-idol tunjukin top 3 bias kalian dri grup manapun dong!,0,1,2023-02-06 14:05:05+00:00,0
74,74,1622597250546556930,starfess,"-guys tadi baekhyun ngerekomendasiin exol buat cukur rambut (kaya dia dia pas wamil alias botak), katanya ga bakalâ€¦ https://t.co/EwoDQ9IQJH",1,29,2023-02-06 14:05:05+00:00,1
75,75,1622596010936770563,starfess,-idol tunjukkin idol kalian yang super random dong,0,2,2023-02-06 14:00:10+00:00,0
76,76,1622596009506504706,starfess,"-idol they're the same person . . . . .

park gunwook from boys planet, 2005 liner https://t.co/Jk6K2C9Mxg",7,80,2023-02-06 14:00:09+00:00,1
77,77,1622596005932974083,starfess,"-hey bambam nyapu sampe ga sadar, tau2 dah sampe ke surga aja wkwk 
 https://t.co/MutTN88XFK",4,40,2023-02-06 14:00:08+00:00,1
78,78,1622596003315744771,starfess,-hey guys kasih tau sender lagu yang banyak rap nya dari grup yang kalian stan,0,2,2023-02-06 14:00:08+00:00,0
79,79,1622595991349399554,starfess,"-hey Congratulations baekhyunğŸ‰

ğŸŒ™: First of all, congratulations to Baekhyun-ssi for getting discharged from his miâ€¦ https://t.co/5MU7UZIehX",8,69,2023-02-06 14:00:05+00:00,1
80,80,1622594763974385668,starfess,-idol karina winter abis ada fansign got hari ini terus ditanya sama fans kapan aespa comeback mereka bilang gatauâ€¦ https://t.co/OhljnaXC3v,3,71,2023-02-06 13:55:12+00:00,1
81,81,1622594754528841729,starfess,"-idol my man looks super mega fine after going back from enlistmentğŸ« ğŸ« ğŸ« 
 https://t.co/ON0Zb5Dba7",12,49,2023-02-06 13:55:10+00:00,1
82,82,1622594753853526017,starfess,-guys Joshua Hong at his finest . . https://t.co/eh3P5qe8Kh,9,132,2023-02-06 13:55:10+00:00,1
83,83,1622594746312200195,starfess,-guys spill dong ada ga si lagu kpop yang adem gitu buat kalian bisa tertidur,0,5,2023-02-06 13:55:08+00:00,0
84,84,1622594746211500035,starfess,"-base Lee Sunho, he's 10 but he lang. . . . . . .               

 https://t.co/0DP39OsAs7",0,53,2023-02-06 13:55:08+00:00,1
85,85,1622594018990526467,starfess,-hi GUYS LIAT ADA MANEKIN MATAHARI BERJALAN AKA KIM JISOO!! ğŸ˜­ https://t.co/WEgKbgJQNs,7,79,2023-02-06 13:52:15+00:00,1
86,86,1622593588814315522,starfess,"-idol abis flashback ngelihat awal debut izone dan lewat relay dance naekkoya, chaewon jaman ini sama sekarang di lâ€¦ https://t.co/1RH7HYBtAE",1,58,2023-02-06 13:50:32+00:00,1
87,87,1622593516953309184,starfess,-idol he can calm down. I mean it ğŸ§ğŸ» https://t.co/Sv5iAkVEPS,35,308,2023-02-06 13:50:15+00:00,1
88,88,1622593507188957189,starfess,-guys tunjukkan Leader mu waktu mode Leadernya aktif,0,2,2023-02-06 13:50:13+00:00,0
89,89,1622592704713748480,starfess,"UDAH DULU YA OFPOLLNYA, JANGAN LUPA â›”HARAP BACA RULES SEBELUM KOMEN DAN NGIRIM MENFESSâ›”

https://t.co/I2aeoHGd5i https://t.co/pWktHZ4hn9",0,7,2023-02-06 13:47:01+00:00,1
90,90,1622591832214618112,starfess,"RT @starfess: OPFOLL TERAKHIR NICHğŸ˜”

1. LIKE TWEET INI DULUUğŸ¤§ğŸ˜©
2. FOLLOW AKUN INI YACH â¡ï¸@__nevernot__â¬…ï¸",50,0,2023-02-06 13:43:33+00:00,0
91,91,1622591826434863104,starfess,"RT @starfess: YUK YANG MAU IKUT OPFOLL TERAHKIR, BISA CEK TWEET DIBAWHA YACHHHğŸ™ƒ",2,0,2023-02-06 13:43:32+00:00,0
92,92,1622591804901326849,starfess,"YUK YANG MAU IKUT OPFOLL TERAHKIR, BISA CEK TWEET DIBAWHA YACHHHğŸ™ƒ https://t.co/TR9FyEM5LS",2,17,2023-02-06 13:43:27+00:00,1
93,93,1622590947229052928,starfess,"OPFOLL TERAKHIR NICHğŸ˜”

1. LIKE TWEET INI DULUUğŸ¤§ğŸ˜©
2. FOLLOW AKUN INI YACH â¡ï¸@__nevernot__â¬…ï¸",50,232,2023-02-06 13:40:02+00:00,0
94,94,1622590706597642242,starfess,https://t.co/cN38OwOYMz,0,3,2023-02-06 13:39:05+00:00,1
95,95,1622590493610676224,starfess,ğŸƒâ€â™€ï¸ğŸƒâ€â™€ï¸ğŸƒâ€â™€ï¸ 3 ğŸ’—ğŸ’—ğŸ’—,10,180,2023-02-06 13:38:14+00:00,0
96,96,1622590198562553857,starfess,3 RANDOM LUV,22,292,2023-02-06 13:37:04+00:00,0
97,97,1622590103196680192,starfess,https://t.co/8yfmhUVwKa,0,4,2023-02-06 13:36:41+00:00,1
98,98,1622589802888695808,starfess,"CPTCPTAN, 3 RT",113,39,2023-02-06 13:35:29+00:00,0
99,99,1622588980163399685,starfess,KITA LANJUT OPFOLL TERAKHIR KUYY https://t.co/70A9Gm6xaS,18,92,2023-02-06 13:32:13+00:00,1
100,100,1622588950845231104,starfess,"RT @fairyrun: ã…¤
[RTs are Highly Appreciated]
ğŸ’°ğŸ’ OPEN PRE-ORDER CELENGAN TARGET ğŸ’ğŸ’°

ğ™‡ğ™šğ™©'ğ™¨ ğ™¢ğ™šğ™šğ™© ğ™ğ™Šğ™ˆğ™Šğ™ğ™ğ™Šğ™’ ğ™“ ğ™ğ™Šğ™‚ğ™€ğ™ğ™ƒğ™€ğ™ 
ğŸ”— https://t.co/iQNw1lVY4â€¦",273,0,2023-02-06 13:32:06+00:00,1
101,101,1622588225037664256,starfess,"RT @starfess: OPFOLL KEDUA NICH ğŸŠğŸ¤­

1. LIKE TWEET INI YACHğŸ¥º
2. RT TWEET DIBAWAH INI NICH BIAR DAPAT FOLLBACK XIXIXI
â¬‡ï¸â¬‡ï¸
https://t.co/JSsleâ€¦",57,0,2023-02-06 13:29:13+00:00,1
102,102,1622588210428923904,starfess,"RT @starfess: YUK YANG MAU IKUT OPFOLL KEDUAğŸ˜˜, BISA CEK TWEET DIBAWHA YACHHH",5,0,2023-02-06 13:29:10+00:00,0
103,103,1622588176543145984,starfess,"YUK YANG MAU IKUT OPFOLL KEDUAğŸ˜˜, BISA CEK TWEET DIBAWHA YACHHH https://t.co/UhRXcwW4NS",5,13,2023-02-06 13:29:02+00:00,1
104,104,1622587169843060736,starfess,"OPFOLL KEDUA NICH ğŸŠğŸ¤­

1. LIKE TWEET INI YACHğŸ¥º
2. RT TWEET DIBAWAH INI NICH BIAR DAPAT FOLLBACK XIXIXI
â¬‡ï¸â¬‡ï¸
https://t.co/JSsleo2EsI",57,204,2023-02-06 13:25:02+00:00,1
105,105,1622586941312212993,starfess,https://t.co/rltIy98wa2,0,2,2023-02-06 13:24:07+00:00,1
106,106,1622586848651669504,starfess,3 LIKE CEPETCEPETAN,4,144,2023-02-06 13:23:45+00:00,0
107,107,1622586536180215808,starfess,"LANJUT RANDOM, 3 ORANG (RT)",149,42,2023-02-06 13:22:31+00:00,0
108,108,1622586435030384642,starfess,https://t.co/T9CtVQY5Yp,0,1,2023-02-06 13:22:06+00:00,1
109,109,1622586267488907266,starfess,MARII 3 ORANG TERCEPAT NGASIH ğŸ’—,8,93,2023-02-06 13:21:27+00:00,0
110,110,1622585317873324032,starfess,KITA LANJUT OPFOLL KEDUA YOKK https://t.co/yQDuJgGXVd,34,115,2023-02-06 13:17:40+00:00,1
111,111,1622585251250987013,starfess,"RT @_starlouv: [rts &amp; likes are really appreciated ] ğŸ’¸ğŸ¦‹

Pre-Order 'Kedai Trejo' Photocard Holder Acrylic ğŸ¦‹ğŸ”

ğŸ—“ï¸ Open Po : 1 Februari 2023â€¦",194,0,2023-02-06 13:17:24+00:00,0
112,112,1622584408166502400,starfess,"RT @starfess: OPFOLL PERTAMA NICH 1ï¸âƒ£ğŸ‰

1. LIKE TWEET INI YACH ğŸ˜˜
2. RT TWEET DIBAWAH INI JUGA YACHHHğŸ‘‡https://t.co/WTcS8JlMlV",60,0,2023-02-06 13:14:03+00:00,1
113,113,1622584400901971971,starfess,"RT @starfess: YUK YANG MAU IKUT OPFOLL PERTAMA, BISA CEK TWEET DIBAWHA YACHHHâ˜ï¸",1,0,2023-02-06 13:14:01+00:00,0
114,114,1622584387761246208,starfess,"YUK YANG MAU IKUT OPFOLL PERTAMA, BISA CEK TWEET DIBAWHA YACHHHâ˜ï¸ https://t.co/4Xg7dx6P8D",1,11,2023-02-06 13:13:58+00:00,1
115,115,1622583467660935168,starfess,"OPFOLL PERTAMA NICH 1ï¸âƒ£ğŸ‰

1. LIKE TWEET INI YACH ğŸ˜˜
2. RT TWEET DIBAWAH INI JUGA YACHHHğŸ‘‡https://t.co/WTcS8JlMlV",60,166,2023-02-06 13:10:19+00:00,1
116,116,1622583185518497793,starfess,https://t.co/srpxH1Cm4c,0,4,2023-02-06 13:09:12+00:00,1
117,117,1622583012801269761,starfess,3 ORANG TERCEPAT KLIK LIKE,3,135,2023-02-06 13:08:31+00:00,0
118,118,1622582507593150464,starfess,"RANDOM, 3 ORANG (RT)",137,46,2023-02-06 13:06:30+00:00,0
119,119,1622582350390636547,starfess,https://t.co/zQNA0qS3K6,0,5,2023-02-06 13:05:53+00:00,1
120,120,1622582143112347648,starfess,"MARI LIKE DULU, 3 ORANG TERCEPAT",5,101,2023-02-06 13:05:03+00:00,0
121,121,1622580947232362496,starfess,KITA OPFOLL YOKKKK https://t.co/hX0qEdpnie,17,92,2023-02-06 13:00:18+00:00,1
122,122,1622577287643426816,starfess,-guys Ada yang suka nontonin Waseda Boys gak? Kalian suka lupa gak sih kalo Tomo sebenarnya maknae ğŸ˜­ğŸ¤ğŸ» https://t.co/3NQCEK3m1r,2,38,2023-02-06 12:45:46+00:00,1
123,123,1622577093300350977,starfess,-guys chuang 2021's content is the best survival content ever.. ALIAS 1 SURVIVAL SHOW TAPI KONTENNYA SEBANYAKNYA INâ€¦ https://t.co/GkS280FrQh,0,9,2023-02-06 12:44:59+00:00,1
124,124,1622576290682540032,starfess,"-guys SAVE LEE HI PLEASE ğŸ˜­ğŸ˜­ 

KENAPA DIJEJERIN SAMA YANG BONGSOR HIKS ğŸ˜­ğŸ˜­ https://t.co/Or9LBWCE1e",4,31,2023-02-06 12:41:48+00:00,1
125,125,1622574666543149059,starfess,Survival mn3t yang diawali dengan peserta cewek sebagai tes pasar -guys https://t.co/BWiOLGtnj0,4,69,2023-02-06 12:35:21+00:00,1
126,126,1622574649161969671,starfess,-base kapan terakhir ayang kalian kasih pap? coba pamerin sinii. kalo sender ini pap dari ayang wonjin kemaren maleâ€¦ https://t.co/ZLdbxY8NS2,2,5,2023-02-06 12:35:16+00:00,1
127,127,1622573707385536512,starfess,"-idol Idol di tangan mbak fansite auto 1000x attractive ğŸ˜­âœ¨ cr.overlay_Moonbin 
 https://t.co/R92beFudiI",17,111,2023-02-06 12:31:32+00:00,1
128,128,1622573406217707520,starfess,-hi CAPE DITTO SEKARANG UDAH ADA VERSI KOPLO ğŸ˜­ğŸ˜­ğŸ˜­ğŸ˜­  https://t.co/qMtQMuTMZa,25,78,2023-02-06 12:30:20+00:00,1
129,129,1622573368200552448,starfess,-guys lagu kesukaan kalian dari dewa 19 apa aja ni ? https://t.co/smsZ10SHD8,7,68,2023-02-06 12:30:11+00:00,1
130,130,1622572518736535552,starfess,-base biasnya siapa nih dulu? Morgan Oey (former member of SM*SH)  dan sekarang jadi aktor https://t.co/8IlxX2YltR,1,9,2023-02-06 12:26:49+00:00,1
131,131,1622572092939210753,starfess,"-guys A ""so beautiful"" performance that will never be forgotten

 https://t.co/Rmgbn8lbkc",49,254,2023-02-06 12:25:07+00:00,1
132,132,1622571441458929665,starfess,-hi What's your favorite song from TRINITY?                              https://t.co/kqVzOZ2UzA,1,6,2023-02-06 12:22:32+00:00,1
133,133,1622571326044278785,starfess,"-base Kapan Yang Yoseob nyanyi nggak bikin merinding?

Jangan lupa cek single project terbaru beliau ya. Judulnya,â€¦ https://t.co/0OqBz0EUaw",2,13,2023-02-06 12:22:04+00:00,1
134,134,1622570852171792384,starfess,"-guys kata baekhyun ini cherry pose, apple pose sama hotdog poseğŸ˜­ mau heran tp ini byun baekhyun ada aja tingkah laâ€¦ https://t.co/nP9kpAKASs",18,138,2023-02-06 12:20:11+00:00,1
135,135,1622570653235953664,starfess,"-hey
what's on your mind when you see this boy? https://t.co/9wxEL3PR1r",8,64,2023-02-06 12:19:24+00:00,1
136,136,1622570158614249472,starfess,"-idol sender nctdreamstan, tapi sblm comeback candy sender sempet 'pergi' dulu, skrg mau ngikutin lagi kynya lumayaâ€¦ https://t.co/E1yIeL6dCf",2,14,2023-02-06 12:17:26+00:00,1
137,137,1622570021103996928,starfess,-hi saranin lagu yang ez buat beginners donggğŸ« ğŸ« ğŸ’šğŸ’šğŸ’š,0,1,2023-02-06 12:16:53+00:00,0
138,138,1622569626717790209,starfess,"-hey 
Aku sering bangett liat cowo ini. Dia idol kpop kan? Kasi tau sender dia siapa ğŸ˜­ sender penasaran udah lama bâ€¦ https://t.co/gr7xdIwGXH",13,455,2023-02-06 12:15:19+00:00,1
139,139,1622568889250086912,starfess,-idol stray kids the sound japan cb guyss bulan ini ğŸ¥³ğŸ«¶ğŸ» https://t.co/ZATmeMjI6i,4,60,2023-02-06 12:12:23+00:00,1
140,140,1622568703501152256,starfess,-base M A S T E R P I E C E https://t.co/WgMgtrnAYm,0,2,2023-02-06 12:11:39+00:00,1
141,141,1622568657258942464,starfess,"-hey, satu lagu yang cocok bgt mnrut kalian buat dia dongğŸ˜ https://t.co/etTLp3Vgvy",6,35,2023-02-06 12:11:28+00:00,1
142,142,1622568327200788482,starfess,"-base coba drop cwk mu yg wibu itu yg lagi cosplay.
i'll go first: taeyong jadi todoroki  https://t.co/O1l5CxyigE",18,66,2023-02-06 12:10:09+00:00,1
143,143,1622568312139055106,starfess,"-hi Z A Y Y A N . . .
 https://t.co/DCr9VP7EW8",2,67,2023-02-06 12:10:06+00:00,1
144,144,1622568059625144320,starfess,"-guys he grew up well â¤ï¸
2020                                                     2023

 https://t.co/xx924rmqs5",5,37,2023-02-06 12:09:05+00:00,1
145,145,1622567811787948032,starfess,"-guys Forever Wanna One! ğŸ¥ºğŸ˜­ I promise youğŸ¤ğŸ’”
 https://t.co/5UQiw2NvAM",194,669,2023-02-06 12:08:06+00:00,1
146,146,1622567747526987776,starfess,-hey drop foto idol kalian waktu rambutnya blonde dong https://t.co/PsPNwHhOvh,75,290,2023-02-06 12:07:51+00:00,1
147,147,1622567638420557824,starfess,-guys alarm baru nich dari yg habis selesai wamil https://t.co/rYzMCnOhcz,8,78,2023-02-06 12:07:25+00:00,1
148,148,1622567150153273344,starfess,-guys when anak nolep liat sg temen seleb: https://t.co/2nXu6HLa3y,24,131,2023-02-06 12:05:29+00:00,1
149,149,1622566492972933120,starfess,-idol midzy yang kemarin nonton konser ayo share pengalaman kalian donggg! ğŸ¤ https://t.co/pK1Al3d7P9,3,20,2023-02-06 12:02:52+00:00,1
150,150,1622566010288242690,starfess,"-idol Drop video lucu idol kalian dong, sender pengen ketawa. Makasih",1,2,2023-02-06 12:00:57+00:00,0
151,151,1622564700927184896,starfess,-idol capt hamsternya onewe gemees ğŸ¥¹ğŸ¥¹ pengen cubit pipinya ğŸ¤ https://t.co/xmcHuyeQh7,0,1,2023-02-06 11:55:45+00:00,1
152,152,1622564570257833984,starfess,"-hi Idol lokal asli dari tatar Sunda, mamang Bisma Karisma from SM*SH https://t.co/P7XUC50iw7",6,70,2023-02-06 11:55:13+00:00,1
153,153,1622564555963645952,starfess,-idol dr0p punggung yg gak akan jadi tulang punggung mu itu dong https://t.co/Wrga3l12f7,3,31,2023-02-06 11:55:10+00:00,1
154,154,1622564016236404737,starfess,"-hi who's ur picks in every produce series (boygroup ver.) 

â€¢ produce 101 s2:
â€¢ produce x 101:
â€¢ produce japan s1:â€¦ https://t.co/GqwFEJebXQ",2,17,2023-02-06 11:53:01+00:00,1
155,155,1622563814922399747,starfess,-base kok bisa ya ada orang secakep ini? ğŸ˜­ https://t.co/kWgmd197My,2,6,2023-02-06 11:52:13+00:00,1
156,156,1622563609338585088,starfess,"drop foto idol kalian dong yg keliatan dari kepala sampe kaki contohnya kaya gini, buat referensi gambar -guys https://t.co/3w2VpPIFPv",2,47,2023-02-06 11:51:24+00:00,1
157,157,1622563526899560453,starfess,"-base baekhyun kenapa makin gemes aja sih ğŸ˜­ ğŸ˜­ ğŸ¤ğŸ»
 https://t.co/FdnTGxM2Em",80,497,2023-02-06 11:51:05+00:00,1
158,158,1622563277053251586,starfess,"-hey coba tunjukin foto bias kalian waktu debut sama foto yg sekarang! 

Sender:
 https://t.co/8ruA1hrRkK",2,5,2023-02-06 11:50:05+00:00,1
159,159,1622562719571525633,starfess,"-hey member exo abis discharge makin cakep semua, btw welcome back baekhyunğŸ¤©ğŸ¤©ğŸ¤© https://t.co/M2pTMgcIQc",34,314,2023-02-06 11:47:52+00:00,1
160,160,1622562069043380225,starfess,"-guys drop lagu apa aja deh yang ga terlalu berisik

ps. attention, omg, ditto, hurt, cookie, after like, love diveâ€¦ https://t.co/D6zLL9Ro81",0,17,2023-02-06 11:45:17+00:00,1
161,161,1622561854206918656,starfess,-base WELCOME BACK  B A E K H Y U N https://t.co/Y2E5MI9hVo,47,273,2023-02-06 11:44:26+00:00,1
162,162,1622561582181154816,starfess,"-hi dapet banyak v0te karena visual âŒâŒ
dapet banyak v0te karena gak pengen debut di bg âœ…âœ…

Ya, ini Lelush. Pesertaâ€¦ https://t.co/sAXuvqSrJG",7,80,2023-02-06 11:43:21+00:00,1
163,163,1622561463197110272,starfess,-hey what do you think about this album? https://t.co/mXALgakO9T,6,54,2023-02-06 11:42:53+00:00,1
164,164,1622560865680777222,starfess,"-hi tom &amp; Jerry âŒ
MÃ¨ng &amp; mong âœ…
Cr. Seung__13 https://t.co/SVZX8sHkEZ",3,50,2023-02-06 11:40:30+00:00,1
165,165,1622558443549896705,starfess,"-hey hari ini hari ke-1000 sejak Woo!ah! Debut gaiss!! Huhuuu udah 3 tahunnğŸ¥¹â™¥ï¸
Semoga nanti kalian bisa lebih bersiâ€¦ https://t.co/PE1Vm6OU2L",2,7,2023-02-06 11:30:53+00:00,1
166,166,1622558415208996865,starfess,-idol yang mau nonton konser dalam waktu dekat ini atau yg udah nonton coba drop outfit konser kalian dongg senderâ€¦ https://t.co/bBVkW8XPoM,0,3,2023-02-06 11:30:46+00:00,1
167,167,1622558147134251009,starfess,"-guys 
ganteng-ganteng banget sih cowok Thailand nya aku, milih sambil merem juga gak rugi ini mah https://t.co/zSfZ5Hp2JC",2,5,2023-02-06 11:29:42+00:00,1
168,168,1622557902442733568,starfess,"-idol yang nebak (Ra.L) sama yang jadi peraga (Hankook) sama-sama pinterğŸ˜­ plis ini ngakak banget, kejawab semuanyaâ€¦ https://t.co/lkz20vV0mF",1,6,2023-02-06 11:28:44+00:00,1
169,169,1622556419496230917,starfess,"-idol KOK BISA YAA YANG NGEVIDEO GA TREMOR LIAT RYUJIN DI DEPAN MATA ğŸ˜­ğŸ˜­
 https://t.co/AMl6LTgrUv",10,32,2023-02-06 11:22:50+00:00,1
170,170,1622556322024800257,starfess,"-hey coba lihat maknaenya nmixx gemes banget ğŸ˜­ğŸ¤ğŸ»
 https://t.co/Gmn4S7Z31s",1,15,2023-02-06 11:22:27+00:00,1
171,171,1622556178768334850,starfess,"-base bayangin aja, jeonghan gelaran di lorong ruang tunggu, ktmu jungwon &amp; bangchan ngajakin turu bareng sambil dnâ€¦ https://t.co/z28a8yBlWK",117,1470,2023-02-06 11:21:53+00:00,1
172,172,1622555735912779777,starfess,-guys biggest flex kalian selama nge kpop apa?,0,1,2023-02-06 11:20:07+00:00,0
173,173,1622555589661589506,starfess,-base Porsche from TRINITY y'all ğŸ« ğŸ’–               https://t.co/LIy7tkrqDI,34,22,2023-02-06 11:19:32+00:00,1
174,174,1622555261692166144,starfess,"Pas Jiyeon nikah IU nyanyi di pernikahannya semoga nanti gantian Jiyeon yang nyanyi di nikahan IU -idol
 https://t.co/40B1svk9NT",4,26,2023-02-06 11:18:14+00:00,1
175,175,1622555037615661056,starfess,"-idol sender coba ngeracunin emak sender sama Yeonjun (bias sender Yeonjun), eh kata Emak sender. Mereka kek anak nâ€¦ https://t.co/ArvGs4Pkmv",1,30,2023-02-06 11:17:21+00:00,1
176,176,1622553548507721730,starfess,"-hey gemes banget yang baru balik wamil 

 https://t.co/3WbvL4XMYI",3,23,2023-02-06 11:11:26+00:00,1
177,177,1622553342139592704,starfess,"-base j's long hair hits different, cantik banget gais ğŸ˜ https://t.co/qvWHx25GNM",6,60,2023-02-06 11:10:37+00:00,1
178,178,1622553290239246336,starfess,-idol lagu apa guys yang ngasih vibes kayak gini? https://t.co/VJq8cuNCYV,15,311,2023-02-06 11:10:24+00:00,1
179,179,1622553145057640448,starfess,"-guys STAYC MAKNAE LINE &gt;&gt;&gt;&gt;&gt;

Head over heels for them ğŸ˜”ğŸ˜” https://t.co/LQsO66Uorr",1,11,2023-02-06 11:09:50+00:00,1
180,180,1622552587160666112,starfess,"-base Kiw kiw dari boiben mana mass, maskernya mlorot masğŸ˜­
 https://t.co/fIWk7u73UQ",3,57,2023-02-06 11:07:37+00:00,1
181,181,1622552562754015233,starfess,-base aku tau mereka karna polaroid love tapi denger lagu ini langsung suka banget  ğŸ˜­ğŸ˜­ jadi mau nonton versi asli aâ€¦ https://t.co/MkIQpsvLWl,3,18,2023-02-06 11:07:31+00:00,1
182,182,1622551249710379010,starfess,-guys bayangin klo mereka bikin dan ngerilis lagu semacam collab gituğŸ«‚ https://t.co/zmlkofumXx,4,51,2023-02-06 11:02:18+00:00,1
183,183,1622551049017131010,starfess,-idol lagu Kpop yg cocok buat yg lagi seneng banget,0,4,2023-02-06 11:01:30+00:00,0
184,184,1622550599802966017,starfess,-idol soobin ada masalah apa yh sama idol cewe...  https://t.co/XPta8k8QSj,2,35,2023-02-06 10:59:43+00:00,1
185,185,1622549887392030720,starfess,-base beomgyu gans bgt ya kan ğŸ’• ğŸ’• ğŸ¥º ğŸ¥º https://t.co/0CDwLHL6xb,13,182,2023-02-06 10:56:53+00:00,1
186,186,1622548249474400263,starfess,"Seungmin belum dibriefing kah??? ğŸ˜­ğŸ˜­ğŸ˜­ lucu bangettt -idol

 https://t.co/CjkqspskHw",0,31,2023-02-06 10:50:22+00:00,1
187,187,1622548030766604289,starfess,"Masih ngakakin iniğŸ˜‚ Kalo bias di sf9 satu, ya satu aja, jgn selingkuh apalg smp apply fansign member lain, asli dicâ€¦ https://t.co/pTvLXjx1G1",5,12,2023-02-06 10:49:30+00:00,1
188,188,1622547820216733697,starfess,"-hi Kalian harus melihat video Winter nangis terus ketawa, setidaknya sekali seumur hidup ğŸ˜­ğŸ˜­ğŸ˜­

 https://t.co/UECndqCK1R",7,28,2023-02-06 10:48:40+00:00,1
189,189,1622547274680406016,starfess,-hi ayooo siapa yang selalu ketar ketir kalo ada announcement kaya giniğŸ˜¢ sender sih udh takut duluanğŸ™ https://t.co/vva0yi2fxv,7,73,2023-02-06 10:46:30+00:00,1
190,190,1622547177443840000,starfess,"-idol this is Lee Youngji! Pretty, talented, and successful fangirl! Berawal dari telpon Hoshi, sampai sekarang bisâ€¦ https://t.co/SbolSTYmDE",67,655,2023-02-06 10:46:07+00:00,1
191,191,1622546771028369412,starfess,"-base kalian harus coba dengerin lagu-lagunya Trendz gaisğŸ˜­ satu album tuh beneran no skip lagunya, bagus dan enak-eâ€¦ https://t.co/XVN5heeB0H",1,1,2023-02-06 10:44:30+00:00,1
192,192,1622546323739398144,starfess,"-hey Ditto by Kyujin NMIXX       

 https://t.co/ZOCxChMu54",16,146,2023-02-06 10:42:43+00:00,1
193,193,1622545676717658112,starfess,-idol lagu galau dari bias kalian itu apa aja? Drop dong,1,4,2023-02-06 10:40:09+00:00,0
194,194,1622544811629871105,starfess,"-hey duduk gini aja cakep banget huwaaaa ğŸ« ğŸ« 

cr: boogeul0094 https://t.co/z7cKVdP9n3",0,5,2023-02-06 10:36:43+00:00,1
195,195,1622544353175687169,starfess,"-hi bantuin sender dong buat ngenalin anak-anak newjeans, pengen ngestan mereka... https://t.co/hhKtsWzlmw",2,15,2023-02-06 10:34:53+00:00,1
196,196,1622544084933177347,starfess,-hi THE BIO PLS ??? ğŸ˜­ ğŸ˜­ ğŸ˜­ https://t.co/3UnVKF6W0y,76,2267,2023-02-06 10:33:49+00:00,1
197,197,1622543756049383425,starfess,-hi Gais gais yuk rate lagu iniğŸƒğŸƒ https://t.co/6Urhrb3j3B,5,26,2023-02-06 10:32:31+00:00,1
198,198,1622542819834613761,starfess,-hey guuuuuuys jgn lupaaaa jam 6 wib baekhyun liveeee,0,4,2023-02-06 10:28:48+00:00,0
199,199,1622542271337082880,starfess,"-idol  ini lucu banget my heart versi rachel nya kecebur ğŸ˜­ğŸ˜­ğŸ˜­

  https://t.co/q2XxMe0q0L https://t.co/HWVSFUniBf",22,231,2023-02-06 10:26:37+00:00,1
