annotator,updated_at,annotation_id,sentiment,retweet_count,text,like_count,Unnamed: 0,lead_time,created_at,id,username
1,2023-02-27T05:41:08.606072Z,1024,Neutral,0,@nanaaicecream @kochengfs Lh itu blang mati,0,0,14.077,2023-02-27T05:41:08.606072Z,1201,GajahDu69356383
1,2023-02-27T05:41:11.107426Z,1025,Neutral,0,@yins123 @BesookSenin @idextratime Knp g cri sendiri?,0,1,2.204,2023-02-27T05:41:11.107426Z,1202,GajahDu69356383
1,2023-02-27T05:41:12.357336Z,1026,Neutral,0,@tegarurrrrrr @idextratime Tpi menurut ku sih madrid msih mending,1,2,0.956,2023-02-27T05:41:12.357336Z,1203,GajahDu69356383
1,2023-02-27T05:41:13.436382Z,1027,Neutral,0,@rizkybakoo @idextratime Bleh jdi Template nih,0,3,0.778,2023-02-27T05:41:13.436382Z,1204,GajahDu69356383
1,2023-02-27T05:41:14.962094Z,1028,Negative,0,@18fesss Haram kok bangga, tolol,0,4,1.232,2023-02-27T05:41:14.962094Z,1205,GajahDu69356383
1,2023-02-27T05:41:16.137476Z,1029,Negative,0,@18fesss Mngkannya gausah ngewe blok, tolol
Hamil diluar nikah bingung, pas ngewe ga mikirin slanjutnya gimana,0,5,0.855,2023-02-27T05:41:16.137476Z,1206,GajahDu69356383
1,2023-02-27T05:41:17.942701Z,1030,Neutral,0,@convomfs Gak jelas, alay.,0,6,1.535,2023-02-27T05:41:17.942701Z,1207,GajahDu69356383
1,2023-02-27T05:41:19.554630Z,1031,Negative,0,@tanyarlfes TOLOL, LONTE.,0,7,1.333,2023-02-27T05:41:19.554630Z,1208,GajahDu69356383
1,2023-02-27T05:41:21.309760Z,1032,Neutral,0,@18fesss GAK JELAS,1,8,1.493,2023-02-27T05:41:21.309760Z,1209,GajahDu69356383
1,2023-02-27T05:41:22.542615Z,1033,Neutral,0,@18fesss BUANG BUANG WAKTU.,0,9,0.972,2023-02-27T05:41:22.542615Z,1210,GajahDu69356383
1,2023-02-27T05:41:24.574212Z,1034,Neutral,0,@18fesss Stress.,0,10,1.556,2023-02-27T05:41:24.574212Z,1211,GajahDu69356383
1,2023-02-27T05:41:26.318112Z,1035,Negative,0,@18fesss BULLSHITTTT!!! PIKIRRR SENDIRI TOLOL BEGO, LONTE.,0,11,1.451,2023-02-27T05:41:26.318112Z,1212,GajahDu69356383
1,2023-02-27T05:41:31.638560Z,1036,Negative,0,@18fesss Ngewe sambil ditusuk katana,0,12,5.02,2023-02-27T05:41:31.638560Z,1213,GajahDu69356383
1,2023-02-27T05:41:33.112814Z,1037,Negative,0,@18fesss Lu pikir sendiri lah goblok, tolol. Giliran gini mlah warga twitter yg d sruh mikir. 
Mati aja taek, pas sâ€¦ https://t.co/nytIbJqYdG,0,13,1.18,2023-02-27T05:41:33.112814Z,1214,GajahDu69356383
1,2023-02-27T05:41:34.722592Z,1038,Neutral,0,@arprodhite @18fesss Ya kalo dia main ml jga, klo ga main gimana dong reportnyağŸ˜­,0,14,1.328,2023-02-27T05:41:34.722592Z,1215,GajahDu69356383
1,2023-02-27T05:41:39.191795Z,1039,Negative,0,@18fesss Lu mati aja,0,15,1.58,2023-02-27T05:41:35.955126Z,1216,GajahDu69356383
1,2023-02-27T05:41:44.696989Z,1040,Negative,0,@18fesss Lu pacaran aja udah dosa, tolol ajg,0,16,3.405,2023-02-27T05:41:44.696989Z,1217,GajahDu69356383
1,2023-02-27T05:41:46.269255Z,1041,Negative,0,@sosmedkeras Ini konsep nya gimana ğŸ˜„strees ajg,0,17,1.327,2023-02-27T05:41:46.269255Z,1218,GajahDu69356383
1,2023-02-27T05:41:47.955256Z,1042,Neutral,0,@halajulqulub @DhannyDraven @kegblgnunfaedh Ini pas gw kelas 1 SDğŸ˜„ğŸ™,0,18,1.389,2023-02-27T05:41:47.950242Z,1219,GajahDu69356383
1,2023-02-27T05:41:49.260266Z,1043,Neutral,0,@jawashitpost Judul,0,19,1.055,2023-02-27T05:41:49.260266Z,1220,GajahDu69356383
1,2023-02-27T05:41:51.221852Z,1044,Negative,0,@18fesss Cba lhat jga dong miss v kamu,0,20,1.717,2023-02-27T05:41:51.221852Z,1221,GajahDu69356383
1,2023-02-27T05:41:52.966455Z,1045,Negative,0,@18fesss Masalah memek doang ribet,0,21,1.473,2023-02-27T05:41:52.966455Z,1222,GajahDu69356383
1,2023-02-27T05:41:57.026744Z,1046,Neutral,0,@tanyarlfes Dikira hujan bisa di tentuin? Pake ditanyain segala,0,22,3.681,2023-02-27T05:41:57.026744Z,1223,GajahDu69356383
1,2023-02-27T05:42:03.624978Z,1047,Neutral,0,@numberrs_ @zeyyysssssss @idextratime Kim Nal Do,0,23,5.437,2023-02-27T05:42:03.624978Z,1224,GajahDu69356383
1,2023-02-27T05:42:07.272792Z,1048,Neutral,0,@Askrlfess Solat,0,24,1.411,2023-02-27T05:42:07.272792Z,1225,GajahDu69356383
1,2023-02-27T05:42:12.248381Z,1049,Neutral,0,@tanyarlfes Fearless mna,0,25,1.62,2023-02-27T05:42:12.248381Z,1226,GajahDu69356383
1,2023-02-27T05:43:06.841105Z,1050,Neutral,0,@sbyfess O,0,26,52.498,2023-02-27T05:43:06.841105Z,1227,GajahDu69356383
1,2023-02-27T05:43:08.403566Z,1051,Negative,0,@kegblgnunfaedh LAWAK LU KONTOL,0,27,1.14,2023-02-27T05:43:08.403566Z,1228,GajahDu69356383
1,2023-02-27T05:43:11.076251Z,1052,Neutral,0,@kegblgnunfaedh Kyak valak,0,28,2.281,2023-02-27T05:43:11.076251Z,1229,GajahDu69356383
1,2023-02-27T05:43:12.111788Z,1053,Negative,5344,RT @moviemenfes: mvs 18+ ğŸ”ğŸ”ğŸ”
let's drop ğŸ‘‡ğŸ» https://t.co/iv3wBLLqjP,0,29,0.705,2023-02-27T05:43:12.111788Z,1230,GajahDu69356383
1,2023-02-27T05:43:14.000381Z,1054,Neutral,0,@recehtapisayng Rica rica,0,30,1.577,2023-02-27T05:43:14.000381Z,1231,GajahDu69356383
1,2023-02-27T05:43:15.801084Z,1055,Neutral,0,@convomfs Ngepngep,0,31,1.486,2023-02-27T05:43:15.801084Z,1232,GajahDu69356383
1,2023-02-27T05:43:17.017425Z,1056,Negative,0,@sbyfess Mati o ae, kn goblok gak guna bangsat anjing.,0,32,0.896,2023-02-27T05:43:17.017425Z,1233,GajahDu69356383
1,2023-02-27T05:43:18.161527Z,1057,Negative,0,@convomfs https://t.co/dTTti2SDbi,0,33,0.85,2023-02-27T05:43:18.161527Z,1234,GajahDu69356383
1,2023-02-27T05:43:23.887066Z,1058,Positive,21493,RT @riyansupyans: gua sumpahin 2023 lu sukses dan banyak duit.,0,34,5.328,2023-02-27T05:43:23.887066Z,1235,GajahDu69356383
1,2023-02-27T05:43:25.901269Z,1059,Neutral,0,@kegblgnunfaedh Emang begadang harus selalu chattan?,0,35,1.682,2023-02-27T05:43:25.901269Z,1236,GajahDu69356383
1,2023-02-27T05:43:27.225695Z,1060,Negative,0,@sipalingjuara @DonquixoteM1ngo @Frenkenbauer @idextratime ğŸ˜›ğŸ˜›ğŸ˜› https://t.co/dbGGnKve5H,0,36,1.025,2023-02-27T05:43:27.225695Z,1237,GajahDu69356383
1,2023-02-27T05:43:28.381432Z,1061,Negative,1030,RT @tanyarlfes: ğŸ’š T I T I P A N https://t.co/fraiWe8cW3,0,37,0.871,2023-02-27T05:43:28.381432Z,1238,GajahDu69356383
1,2023-02-27T05:43:30.861077Z,1062,Neutral,0,@yudie_setya @otongkoil Ini mah udh ga waras,0,38,2.106,2023-02-27T05:43:30.861077Z,1239,GajahDu69356383
1,2023-02-27T05:43:32.640404Z,1063,Negative,0,@sbyfess Pacaran nabung duso dibelo mati2an, pas wong tuwo e njalok tukokno lombok ae sambat. Kontol,0,39,1.355,2023-02-27T05:43:32.640404Z,1240,GajahDu69356383
1,2023-02-27T05:43:34.426269Z,1064,Neutral,0,@sbyfess Males,0,40,1.418,2023-02-27T05:43:34.426269Z,1241,GajahDu69356383
1,2023-02-27T05:43:36.052673Z,1065,Negative,0,@infotwitwor_ Mahasiswa sekarang tolol semua, goblok. Gaada otak.,0,41,1.21,2023-02-27T05:43:36.052673Z,1242,GajahDu69356383
1,2023-02-27T05:43:51.292298Z,1066,Negative,0,@sbyfess Ws ero pacaran duso dilakoni ae, mlah nabung duso. Katek dipamer2no pisan, bangga ta ngunu kui?,0,42,14.867,2023-02-27T05:43:51.292298Z,1243,GajahDu69356383
1,2023-02-27T05:43:56.511347Z,1067,Neutral,0,@partisangambia Kgak ada gunanya, lu jga gaada untungnya buat dia.,0,43,4.747,2023-02-27T05:43:56.511347Z,1244,GajahDu69356383
1,2023-02-27T05:43:58.851404Z,1068,Negative,0,@fradikkk89 @Farid_andsyah @idextratime Trus apa masalah nya sama lu blok. Menang ya menang, kalah ya kalah. Banyak bacot.,0,44,2.003,2023-02-27T05:43:58.851404Z,1245,GajahDu69356383
1,2023-02-27T05:44:00.136980Z,1069,Negative,0,@convomfs Ancen kn ae seng tolol, goblk,0,45,0.922,2023-02-27T05:44:00.136980Z,1246,GajahDu69356383
1,2023-02-27T05:44:01.881715Z,1070,Neutral,0,@convomfs Woman â˜•,0,46,1.421,2023-02-27T05:44:01.881715Z,1247,GajahDu69356383
1,2023-02-27T05:44:03.014698Z,1071,Negative,0,@modegila Tolol anying,0,47,0.825,2023-02-27T05:44:03.014698Z,1248,GajahDu69356383
1,2023-02-27T05:44:06.631485Z,1072,Neutral,0,@Radiyo37 @AlayTwips @sbyfess Di kill nya gimana bang, pake apa, apakah sama di bakar?,0,48,3.309,2023-02-27T05:44:06.631485Z,1249,GajahDu69356383
1,2023-02-27T05:44:13.771335Z,1073,Neutral,0,@AlayTwips @nisriisme @sbyfess Ada vid nya gak,1,49,6.814,2023-02-27T05:44:13.771335Z,1250,GajahDu69356383
1,2023-02-27T05:44:15.141233Z,1074,Negative,0,@mlbbfess Goblk gtu doang sange,0,50,0.944,2023-02-27T05:44:15.141233Z,1251,GajahDu69356383
1,2023-02-27T05:44:16.708804Z,1075,Negative,0,@KucengTerbanggg Di panggil almarhum,0,51,1.278,2023-02-27T05:44:16.708804Z,1252,GajahDu69356383
1,2023-02-27T05:44:18.131211Z,1076,Neutral,0,@tanyarlfes Ga ada grup kluarga,0,52,1.143,2023-02-27T05:44:18.131211Z,1253,GajahDu69356383
1,2023-02-27T05:44:19.191139Z,1077,Negative,150,RT @idextratime: ğŸ˜ğŸ¥°ğŸ‡­ğŸ‡· https://t.co/9lpzYe7XQt,0,53,0.769,2023-02-27T05:44:19.191139Z,1254,GajahDu69356383
1,2023-02-27T05:44:21.433469Z,1078,Neutral,0,@mlbbfess Hero pool luas lah,0,54,1.96,2023-02-27T05:44:21.433469Z,1255,GajahDu69356383
1,2023-02-27T05:44:24.475495Z,1079,Neutral,0,@idextratime Namanya jga bek tuas ep ceh,0,55,2.734,2023-02-27T05:44:24.475495Z,1256,GajahDu69356383
1,2023-02-27T05:44:26.974145Z,1080,Neutral,0,@terong_baladoo @infotwitwor_ Ya gabakal di notice , harus pake akun anon baru dlu. Klau pake akun asli mah dia mikir2,0,56,2.124,2023-02-27T05:44:26.974145Z,1257,GajahDu69356383
1,2023-02-27T05:44:28.831898Z,1081,Neutral,0,@dumbassnerdie @Kiukii12 @terong_baladoo @infotwitwor_ Boleh jga nih bang sarannya, @SuperSanji66,0,57,1.552,2023-02-27T05:44:28.831898Z,1258,GajahDu69356383
1,2023-02-27T05:44:30.374932Z,1082,Neutral,0,@irfanzd @Kiukii12 @terong_baladoo @infotwitwor_ @SuperSanji66 Seharusnya suruh ganti pp dlu sebelum ngajak jepri, biar di TerimağŸ˜‚ğŸ˜‚ğŸ˜‚,0,58,1.222,2023-02-27T05:44:30.374932Z,1259,GajahDu69356383
1,2023-02-27T05:44:31.991383Z,1083,Neutral,0,@wong_jago @Kenzscape @jefrinichol Klo ada vid nya tag bang,0,59,1.336,2023-02-27T05:44:31.991383Z,1260,GajahDu69356383
1,2023-02-27T05:44:33.291288Z,1084,Neutral,0,@SuperSanji66 ANKAARAAA MESSI,0,60,1.014,2023-02-27T05:44:33.291288Z,1261,GajahDu69356383
1,2023-02-27T05:44:34.421214Z,1085,Neutral,0,@Kiukii12 @terong_baladoo @infotwitwor_ Di twit mana cok bagi lah mau lhat jgağŸ˜‚,0,61,0.832,2023-02-27T05:44:34.421214Z,1262,GajahDu69356383
1,2023-02-27T05:44:36.061524Z,1086,Neutral,0,@sbyfess Podo kyok aku mbak kejadian e, cma aku 6 taun wsan,0,62,1.202,2023-02-27T05:44:36.061524Z,1263,GajahDu69356383
1,2023-02-27T05:44:38.356295Z,1087,Negative,0,@bayuzakariaaa @Onew_telororen @tanyarlfes Bsa jdi jembut nya di lilit ke tytyd,0,63,1.841,2023-02-27T05:44:38.356295Z,1264,GajahDu69356383
1,2023-02-27T05:44:39.711565Z,1088,Neutral,0,@infotwitwor_ ğŸ˜±,0,64,1.039,2023-02-27T05:44:39.711565Z,1265,GajahDu69356383
1,2023-02-27T05:44:41.051537Z,1089,Negative,0,@Utheputra Gausah sok tau lu anjing, pake ngaku2 sahabat. Sahabat kontol,0,65,0.922,2023-02-27T05:44:41.051537Z,1266,GajahDu69356383
1,2023-02-27T05:44:42.018385Z,1090,Negative,75,RT @infotwitwor_: Yang lagi rame. https://t.co/s8Yp8WXi7D,0,66,0.63,2023-02-27T05:44:42.018385Z,1267,GajahDu69356383
1,2023-02-27T05:44:42.881458Z,1091,Negative,797,RT @infotwitwor_: Kian memanas. https://t.co/DgVj2JQqg6,0,67,0.564,2023-02-27T05:44:42.881458Z,1268,GajahDu69356383
1,2023-02-27T05:44:43.751538Z,1092,Negative,3122,RT @infotwitwor_: Update pergelutan Jefri vs Netizen https://t.co/QZgNZHbhyz,0,68,0.552,2023-02-27T05:44:43.751538Z,1269,GajahDu69356383
1,2023-02-27T05:44:45.708209Z,1093,Negative,0,@noray_blanco @realmadridindo1 Penyepong dodo kali. Gagal penalti mah dah biasa bagi tiap pemain,0,69,1.627,2023-02-27T05:44:45.708209Z,1270,GajahDu69356383
1,2023-02-27T05:44:50.549185Z,1094,Neutral,0,@tanyarlfes Serah lu aja dah, mls. Ujung2nua jga gabakal lu ngikutin saran.,0,70,4.424,2023-02-27T05:44:50.549185Z,1271,GajahDu69356383
1,2023-02-27T05:44:52.203291Z,1095,Neutral,0,@gagunabngsd @1rubyren @mlbbfess Iya mereka sama2 aja kek lu, gaada bedanya.,0,71,1.257,2023-02-27T05:44:52.203291Z,1272,GajahDu69356383
1,2023-02-27T05:44:54.461550Z,1096,Neutral,0,@gagunabngsd @1rubyren @mlbbfess Lu klo ga paham, pahami dlu dah dri pda malu. Pake ngatain opini dia jelek.,0,72,1.908,2023-02-27T05:44:54.461550Z,1273,GajahDu69356383
1,2023-02-27T05:44:56.581252Z,1097,Negative,0,@gagunabngsd @1rubyren @mlbbfess Apaan cba apaanğŸ¤£
"Lgiin ikinnyi gik gimbikin, silih kli gii stilking" 
Ibarat lu tâ€¦ https://t.co/MFp3mqG3nV,0,73,1.801,2023-02-27T05:44:56.581252Z,1274,GajahDu69356383
1,2023-02-27T05:44:58.271733Z,1098,Neutral,0,@1rubyren @gagunabngsd @mlbbfess Begitu bang woman, merasa dirinya paling bagus,0,74,1.323,2023-02-27T05:44:58.271733Z,1275,GajahDu69356383
1,2023-02-27T05:44:59.481208Z,1099,Neutral,0,@gagunabngsd @1rubyren @mlbbfess Sipaling bagus otaknyağŸ¤£,0,75,0.903,2023-02-27T05:44:59.481208Z,1276,GajahDu69356383
1,2023-02-27T05:45:00.551401Z,1100,Neutral,0,@gagunabngsd @mlbbfess Yg blang gtu siapa dahğŸ¤£,0,76,0.748,2023-02-27T05:45:00.551401Z,1277,GajahDu69356383
1,2023-02-27T05:45:01.720089Z,1101,Neutral,0,@gagunabngsd @mlbbfess Banyak lah, cma lu aja gatauğŸ¤£ğŸ¤£ğŸ¤£
Klo ga gtu knp penghuni neraka lebih bnyak cewenya?,1,77,0.842,2023-02-27T05:45:01.720089Z,1278,GajahDu69356383
1,2023-02-27T05:45:02.691264Z,1102,Neutral,0,@tanyarlfes BabiğŸ¤£,0,78,0.687,2023-02-27T05:45:02.691264Z,1279,GajahDu69356383
1,2023-02-27T05:45:03.791298Z,1103,Neutral,0,@gagunabngsd @mlbbfess Dikira cewe ga suka? ğŸ¤£ğŸ¤£ğŸ¤£ğŸ¤£munafik,0,79,0.796,2023-02-27T05:45:03.791298Z,1280,GajahDu69356383
1,2023-02-27T05:45:05.096311Z,1104,Negative,809,RT @yellowcamelcigg: @sugarcandyblue @mlbbfess https://t.co/tkRd1UB1gP,0,80,1.007,2023-02-27T05:45:05.096311Z,1281,GajahDu69356383
1,2023-02-27T05:45:06.251264Z,1105,Neutral,0,@gagunabngsd @mlbbfess Womanâ˜•,2,81,0.791,2023-02-27T05:45:06.251264Z,1282,GajahDu69356383
1,2023-02-27T05:45:07.181141Z,1106,Negative,125,RT @idextratime: https://t.co/LxsZs2a9UC,0,82,0.625,2023-02-27T05:45:07.181141Z,1283,GajahDu69356383
1,2023-02-27T05:45:09.371399Z,1107,Neutral,0,@Syachrendra28 @inumakip @tanyarlfes Kebutuhan jga kebutuhan, tpi lhat kondisi jga blok. Musibah mikir ngewe. Msih baik gak mati.,0,83,1.886,2023-02-27T05:45:09.371399Z,1284,GajahDu69356383
1,2023-02-27T05:45:10.656440Z,1108,Negative,0,@bobbyanggaras @gemsxlaa @Syachrendra28 @inumakip @tanyarlfes Itu mah lu otak selangkangan, kena musibah bukannya mâ€¦ https://t.co/rXkTTuFPP5,40,84,0.982,2023-02-27T05:45:10.656440Z,1285,GajahDu69356383
1,2023-02-27T05:45:12.381706Z,1109,Neutral,0,@FWBSmg P,0,85,1.41,2023-02-27T05:45:12.381706Z,1286,GajahDu69356383
1,2023-02-27T05:45:13.728730Z,1110,Neutral,0,@tanyarlfes Lah baru tau? Cewe kan emg gtu ğŸ¤“ğŸ¤£ğŸ¤£ğŸ¤£,0,86,1.039,2023-02-27T05:45:13.728730Z,1287,GajahDu69356383
1,2023-02-27T05:45:14.892248Z,1111,Neutral,0,@rismadwip @idextratime @gastonedul Aff Iyyh ğŸ¤“,0,87,0.889,2023-02-27T05:45:14.892248Z,1288,GajahDu69356383
1,2023-02-27T05:45:15.865568Z,1112,Neutral,0,@irelreli @idextratime @gastonedul Aff IyyhğŸ¤“ğŸ¤“,0,88,0.664,2023-02-27T05:45:15.865568Z,1289,GajahDu69356383
1,2023-02-27T05:45:16.839551Z,1113,Neutral,0,@Adji_sun @idextratime @gastonedul 2-0 nehğŸ¤“,0,89,0.555,2023-02-27T05:45:16.839551Z,1290,GajahDu69356383
1,2023-02-27T05:45:17.960428Z,1114,Neutral,0,@AlanShearer778 @idextratime @gastonedul Affh iyh kidzğŸ¤“,0,90,0.749,2023-02-27T05:45:17.960428Z,1291,GajahDu69356383
1,2023-02-27T05:45:18.941434Z,1115,Neutral,0,@idextratime Affh iyh dodogy pens?,0,91,0.648,2023-02-27T05:45:18.941434Z,1292,GajahDu69356383
1,2023-02-27T05:45:21.300517Z,1116,Neutral,0,@sbyfess Penak langsung rabi, timbang pacar2an nabung duso,0,92,2.027,2023-02-27T05:45:21.300517Z,1293,GajahDu69356383
1,2023-02-27T05:45:22.506324Z,1117,Neutral,0,@sbyfess Minimal ksih tau,0,93,0.781,2023-02-27T05:45:22.506324Z,1294,GajahDu69356383
1,2023-02-27T05:45:24.056544Z,1118,Negative,0,@clevereonjwin @convomfs Itu mah lu cma dibuat cadangan. N klau misal dah putus sma yg pertama, pasti ke lu. Dan klâ€¦ https://t.co/cPSDSKFusr,0,94,1.197,2023-02-27T05:45:24.056544Z,1295,GajahDu69356383
1,2023-02-27T05:45:25.441410Z,1119,Neutral,0,@selvywitri @ankcoconut @tanyarlfes Ko kira wortel?,0,95,1.048,2023-02-27T05:45:25.441410Z,1296,GajahDu69356383
1,2023-02-27T05:45:28.235788Z,1120,Neutral,0,@tanyarlfes Klo gw si gak. Mlah buat gosip2an ntar,0,96,1.773,2023-02-27T05:45:28.235788Z,1297,GajahDu69356383
1,2023-02-27T05:45:30.058849Z,1121,Negative,0,@anditaputrap @masbin10108833 @OposisiCerdas NGAPAIN NAMPAKIN MENTAL DI SOSMED, MENTAL SOSMED KAH? MODAL KETIKAN IBâ€¦ https://t.co/q5ZdEUtpG7,0,97,1.068,2023-02-27T05:45:30.058849Z,1298,GajahDu69356383
1,2023-02-27T05:45:31.957555Z,1122,Neutral,0,@anditaputrap @masbin10108833 @OposisiCerdas KEPO KALI SIPALING TUA ğŸ¤“,0,98,1.239,2023-02-27T05:45:31.957555Z,1299,GajahDu69356383
1,2023-02-27T05:45:35.428317Z,1123,Negative,0,@RezaftYoona @txtdrimedia Mending bantuan nya di ksih ke yayasan yatim piatu lebih bermanfaat. https://t.co/nVLXtjqX8r,0,99,1.208,2023-02-27T05:45:35.428317Z,1300,GajahDu69356383
1,2023-02-27T05:45:37.641939Z,1124,Negative,0,@Askrlfess Kpop tolol,0,100,1.226,2023-02-27T05:45:37.641939Z,1301,GajahDu69356383
1,2023-02-27T05:45:38.757357Z,1125,Negative,0,@RezaftYoona @txtdrimedia Upsss https://t.co/lCySmfKxdg,0,101,0.729,2023-02-27T05:45:38.757357Z,1302,GajahDu69356383
1,2023-02-27T05:45:39.711589Z,1126,Negative,0,@anditaputrap @masbin10108833 @OposisiCerdas TOLOL, BLOK GOBLOK,0,102,0.589,2023-02-27T05:45:39.711589Z,1303,GajahDu69356383
1,2023-02-27T05:45:41.321544Z,1127,Negative,0,@RezaftYoona @txtdrimedia Fakta kok, bantuan dari non muslim semuanya di tolak. N bhkan banyak pungli. Mau blang apâ€¦ https://t.co/wpETheAUyz,0,103,1.271,2023-02-27T05:45:41.321544Z,1304,GajahDu69356383
1,2023-02-27T05:45:42.835769Z,1128,Neutral,0,@convomfs Klau ga good looking ga bakal kyak gniğŸ¤£
Womanâ˜•,0,104,1.097,2023-02-27T05:45:42.835769Z,1305,GajahDu69356383
1,2023-02-27T05:45:44.204994Z,1129,Neutral,0,@mlbbfess Ga bang, buat genius wand ajaâ˜º,0,105,0.977,2023-02-27T05:45:44.204994Z,1306,GajahDu69356383
1,2023-02-27T05:45:45.251526Z,1130,Neutral,0,@afafia_ @tanyarlfes Gw yakin ada. Yakali semesta luas gni gaada kehidupan lain,0,106,0.673,2023-02-27T05:45:45.251526Z,1307,GajahDu69356383
1,2023-02-27T05:45:46.501549Z,1131,Negative,0,@tanyarlfes https://t.co/e36nUhBTmi,0,107,0.898,2023-02-27T05:45:46.501549Z,1308,GajahDu69356383
1,2023-02-27T05:45:47.881652Z,1132,Neutral,0,@yourcandycaine @sbyfess Mbak ini yg jdi cosplayer ivanna itu ya, yg di sby,0,108,1.02,2023-02-27T05:45:47.881652Z,1309,GajahDu69356383
1,2023-02-27T05:45:52.683214Z,1133,Negative,0,@dna_d_destroyer @idextratime LU BUTA APA EMANG GA PUNYA MATA?,0,109,4.491,2023-02-27T05:45:52.683214Z,1310,GajahDu69356383
1,2023-02-27T05:45:56.088836Z,1134,Neutral,0,@txtdrimedia Msih mending dibantuin, ga dibantuin klean semua hanya bisa nelen ludah klean sendiri.,0,110,2.994,2023-02-27T05:45:56.088836Z,1311,GajahDu69356383
1,2023-02-27T05:45:57.648811Z,1135,Negative,0,@oioilan @txtdrimedia Lu aja yg ngasih gausah banyak bacot kontol. Msih mending di bantuin blok goblok. Bisanya ngeâ€¦ https://t.co/nle0F8YvX9,1,111,0.934,2023-02-27T05:45:57.648811Z,1312,GajahDu69356383
1,2023-02-27T05:45:58.661551Z,1136,Negative,14005,RT @neohistoria_id: https://t.co/c2Fk9nMVRO,0,112,0.603,2023-02-27T05:45:58.661551Z,1313,GajahDu69356383
1,2023-02-27T05:46:05.440813Z,1137,Neutral,0,@sbyfess Owlah SBY toh, ga kagetğŸ¤£,0,113,6.41,2023-02-27T05:46:05.440813Z,1314,GajahDu69356383
1,2023-02-27T05:46:06.713851Z,1138,Negative,8539,RT @kochengfs: ğŸˆ Kalian harus banget liat ini ğŸ˜­ğŸ˜­ğŸ˜­ğŸ˜‚ ngikngok banget wkwkwk https://t.co/RWfeaSXisu,0,114,0.886,2023-02-27T05:46:06.713851Z,1315,GajahDu69356383
1,2023-02-27T05:46:10.644599Z,1139,Neutral,0,@tanyarlfes Yg kek gni biasanya WA nya dibuat selingkuh ğŸ¤£ğŸ¤£ğŸ¤£dan klau meet apk WA nya di sembunyikan. Wkwkwk dah ngalamin kek gni mah.,0,115,3.564,2023-02-27T05:46:10.644599Z,1316,GajahDu69356383
1,2023-02-27T05:46:13.712188Z,1140,Neutral,0,@tanyarlfes Ahh gamungkin ğŸ¤£ğŸ¤£ğŸ¤£,0,116,2.713,2023-02-27T05:46:13.712188Z,1317,GajahDu69356383
1,2023-02-27T05:46:18.562105Z,1141,Neutral,0,@tanyarlfes Maybe 2 jt, trus sisa 3 jt lalu lu tabungin setengah nya.,0,117,2.599,2023-02-27T05:46:15.790467Z,1318,GajahDu69356383
1,2023-02-27T05:46:23.036327Z,1142,Neutral,0,@inxsbnm @tanyarlfes Dan berarti diri lu ada 3 dongğŸ˜¦,0,118,1.613,2023-02-27T05:46:23.036327Z,1319,GajahDu69356383
1,2023-02-27T05:46:24.355663Z,1143,Negative,0,@iniicusbukan @Rifxsyndrome @tanyarlfes Klau misal, film yg ko cari gaada di situ bisa mampir ke link ini lk21 https://t.co/ulFwAh79k3,1,119,0.974,2023-02-27T05:46:24.355663Z,1320,GajahDu69356383
1,2023-02-27T05:46:44.418798Z,1144,Neutral,0,@iniicusbukan @Rifxsyndrome @tanyarlfes Sama2,0,120,19.7,2023-02-27T05:46:44.418798Z,1321,GajahDu69356383
1,2023-02-27T05:46:52.505403Z,1145,Neutral,0,@brionitallis @tanyarlfes Terima tengkyu ğŸ˜,0,121,7.494,2023-02-27T05:46:52.505403Z,1322,GajahDu69356383
1,2023-02-27T05:46:53.963683Z,1146,Neutral,0,@iniicusbukan @Rifxsyndrome @tanyarlfes Bstation. Gtu,0,122,0.991,2023-02-27T05:46:53.963683Z,1323,GajahDu69356383
1,2023-02-27T05:46:56.024493Z,1147,Neutral,0,@iniicusbukan @Rifxsyndrome @tanyarlfes Yap, bner banget. Download aja di PlayStore,0,123,1.692,2023-02-27T05:46:56.024493Z,1324,GajahDu69356383
1,2023-02-27T05:46:59.728633Z,1148,Neutral,275,RT @oktavianxx: @bertanyarl Aku td pagi hbs diceritain sama adek aku ttg pengalaman kaya gini. Jadi waktu itu di sekolah dia tuh mau jajanâ€¦,0,124,3.353,2023-02-27T05:46:59.728633Z,1325,GajahDu69356383
1,2023-02-27T05:49:19.428374Z,1149,Neutral,0,@brionitallis @tanyarlfes Film ttg apa,0,125,139.255,2023-02-27T05:49:19.428374Z,1326,GajahDu69356383
1,2023-02-27T05:49:23.763643Z,1150,Neutral,0,@iniicusbukan @Rifxsyndrome @tanyarlfes Di bstation free,0,126,3.901,2023-02-27T05:49:23.763643Z,1327,GajahDu69356383
1,2023-02-27T05:49:25.136657Z,1151,Neutral,0,@renrstuvv @noonahypen @Rezekyku @tanyarlfes Kan udh slesai njirr, apanya yg di lanjutğŸ˜,0,127,1.005,2023-02-27T05:49:25.136657Z,1328,GajahDu69356383
1,2023-02-27T05:49:31.353481Z,1152,Neutral,0,@inxsbnm @tanyarlfes Kejadian kek gtu, bikin paradoks ga sih.,0,128,5.828,2023-02-27T05:49:31.353481Z,1329,GajahDu69356383
1,2023-02-27T05:49:35.996466Z,1153,Neutral,0,@inxsbnm @tanyarlfes Berarti lu kmrin nolongin diri lu versi kecil.,3,129,4.286,2023-02-27T05:49:35.996466Z,1330,GajahDu69356383
1,2023-02-27T05:50:24.991800Z,1154,Neutral,6,RT @miekuahhhhh: @tanyarlfes Pernah nonton mirip kayak gini. Dia pulang ke rumah,liat ada neneknya yg udah meninggal. Si nenek gak kenal siâ€¦,0,130,48.67,2023-02-27T05:50:24.991800Z,1331,GajahDu69356383
1,2023-02-27T05:50:28.017877Z,1155,Neutral,5842,RT @tanyarlfes: ğŸ’š kalian percaya nggak kalau dunia paralel itu ada dan kadang bersinggungan dengan kita? drop pendapat/cerita kalian guys.â€¦,0,131,2.53,2023-02-27T05:50:28.017877Z,1332,GajahDu69356383
1,2023-02-27T05:50:29.431253Z,1156,Neutral,0,@fazataf @tanyarlfes Share lah,0,132,1.059,2023-02-27T05:50:29.431253Z,1333,GajahDu69356383
1,2023-02-27T05:50:30.895884Z,1157,Negative,594,RT @ForRecomd: Ide kamar sejuta umat 

A Thread https://t.co/C8JbYjHVt5,0,133,1.12,2023-02-27T05:50:30.895884Z,1334,GajahDu69356383
1,2023-02-27T05:50:32.927791Z,1158,Neutral,0,@sbyfess Turu e kemiringen yo ngene iki,0,134,1.707,2023-02-27T05:50:32.927791Z,1335,GajahDu69356383
1,2023-02-27T05:50:34.394082Z,1159,Neutral,0,@sbyfess Zaman gni msih percaya gituanğŸ¤£ğŸ¤£ğŸ¤£lawak2,0,135,1.135,2023-02-27T05:50:34.394082Z,1336,GajahDu69356383
1,2023-02-27T05:50:35.727572Z,1160,Neutral,0,@sbyfess GAK LOGIS, DAN SANGAT WAJAR LU MARAH. GW SBG COWP, DUKUNG LU,0,136,1.005,2023-02-27T05:50:35.727572Z,1337,GajahDu69356383
1,2023-02-27T05:50:36.842622Z,1161,Neutral,0,@mlbbfess Loctus,0,137,0.715,2023-02-27T05:50:36.842622Z,1338,GajahDu69356383
1,2023-02-27T05:50:37.887562Z,1162,Neutral,0,@mlbbfess Bner bgt cuyğŸ¤£. Salam user ceci,0,138,0.691,2023-02-27T05:50:37.887562Z,1339,GajahDu69356383
1,2023-02-27T05:50:41.697593Z,1163,Negative,0,@LazterTopFeed WOMAN EMG GADA OTAK, WOMAN EMG TOLOL, WOMAN AJG,0,139,1.4060000000000001,2023-02-27T05:50:39.117579Z,1340,GajahDu69356383
1,2023-02-27T05:50:49.677530Z,1164,Negative,0,@LazterTopFeed GA SALAH. LU EMG TOLOL, GOBLOK, GA ADA OTAK, MATI AJA NGENTOD. LU PANTAS MATI DI EWE 100 ORANG DIGILIR SAMPE LU MATI NANGIS2.,0,140,2.685,2023-02-27T05:50:44.921015Z,1341,GajahDu69356383
1,2023-02-27T05:50:51.777857Z,1165,Negative,184,RT @checkoutshopi_: - A Thread - 

Ide Dekorasi Kamar Aesthetic Low Budget ğŸ˜ğŸ˜ https://t.co/DdG92Rr0h4,0,141,1.078,2023-02-27T05:50:51.777857Z,1342,GajahDu69356383
1,2023-02-27T05:50:53.848402Z,1166,Negative,0,@convomfs Dri dlu jga penuh blok,0,142,1.765,2023-02-27T05:50:53.848402Z,1343,GajahDu69356383
1,2023-02-27T05:50:54.967711Z,1167,Negative,1211,RT @kochengfs: ğŸˆ Cobain gesğŸ˜‚ https://t.co/KpDyt6XJ9T,0,143,0.775,2023-02-27T05:50:54.967711Z,1344,GajahDu69356383
1,2023-02-27T05:50:55.901722Z,1168,Negative,0,@convomfs https://t.co/tukn3Ndtv9,0,144,0.599,2023-02-27T05:50:55.901722Z,1345,GajahDu69356383
1,2023-02-27T05:50:58.623286Z,1169,Neutral,0,@tanyarlfes Mangga,0,145,2.366,2023-02-27T05:50:58.623286Z,1346,GajahDu69356383
1,2023-02-27T05:51:00.501442Z,1170,Neutral,0,@tanyarlfes Azab,0,146,1.518,2023-02-27T05:51:00.501442Z,1347,GajahDu69356383
1,2023-02-27T05:51:13.002508Z,1171,Neutral,0,@JawaTimurFess Ga ngoros,0,147,12.052,2023-02-27T05:51:13.002508Z,1348,GajahDu69356383
1,2023-02-27T05:51:14.881624Z,1172,Negative,0,@sbyfess Kebalik gulu mu a cok,0,148,1.488,2023-02-27T05:51:14.881624Z,1349,GajahDu69356383
1,2023-02-27T05:51:17.240825Z,1173,Neutral,0,@kattybluw @lizenluv @convomfs BACA N PAHAMI,0,149,1.985,2023-02-27T05:51:17.240825Z,1350,GajahDu69356383
1,2023-02-27T05:51:18.547673Z,1174,Negative,0,@NgatmoMbilung Wedok ancene jancok kok,0,150,0.935,2023-02-27T05:51:18.547673Z,1351,GajahDu69356383
1,2023-02-27T05:51:20.297755Z,1175,Neutral,0,@barrabavraz @darjofess Sorry bru bles, baru sembuh,0,151,1.381,2023-02-27T05:51:20.297755Z,1352,GajahDu69356383
1,2023-02-27T05:51:21.674366Z,1176,Neutral,0,@barrabavraz @darjofess Daftar dlu tapi, nik sama sandi harus ingat,0,152,1.003,2023-02-27T05:51:21.674366Z,1353,GajahDu69356383
1,2023-02-27T05:51:22.747916Z,1177,Neutral,0,@barrabavraz @darjofess Iya perpanjang, ttep,0,153,0.749,2023-02-27T05:51:22.747916Z,1354,GajahDu69356383
1,2023-02-27T05:51:24.373428Z,1178,Neutral,0,@itsmemizuka Jngan lupa ntar malem Indonesia vs france 00.00 indosiar,0,154,1.237,2023-02-27T05:51:24.373428Z,1355,GajahDu69356383
1,2023-02-27T05:51:28.910825Z,1179,Negative,3251,RT @itsmemizuka: inpo bokep yg ada alur ceritanya ğŸ˜­,0,155,2.5140000000000002,2023-02-27T05:51:25.545532Z,1356,GajahDu69356383
1,2023-02-27T05:51:32.359117Z,1180,Neutral,0,@convomfs Lawak,0,156,2.056,2023-02-27T05:51:32.359117Z,1357,GajahDu69356383
1,2023-02-27T05:51:33.643824Z,1181,Neutral,0,@mlbbfess @NajwaShihab Join mbak nana,0,157,0.934,2023-02-27T05:51:33.643824Z,1358,GajahDu69356383
1,2023-02-27T05:51:34.707911Z,1182,Neutral,0,@mlbbfess @NajwaShihab,0,158,0.71,2023-02-27T05:51:34.707911Z,1359,GajahDu69356383
1,2023-02-27T05:51:35.807911Z,1183,Neutral,0,@tanyarlfes Pkai kagebunshin aja. Nah klon mu sruh skolah, lu d rmah.,0,159,0.683,2023-02-27T05:51:35.807911Z,1360,GajahDu69356383
1,2023-02-27T05:51:36.828804Z,1184,Neutral,0,@sbyfess Banyak kok, yg gtu,0,160,0.674,2023-02-27T05:51:36.828804Z,1361,GajahDu69356383
1,2023-02-27T05:51:37.697567Z,1185,Neutral,0,@mlbbfess Ikut,0,161,0.526,2023-02-27T05:51:37.697567Z,1362,GajahDu69356383
1,2023-02-27T05:51:39.277962Z,1186,Neutral,0,@tanyakanrl Pew pew,0,162,1.236,2023-02-27T05:51:39.277962Z,1363,GajahDu69356383
1,2023-02-27T05:51:41.877589Z,1187,Neutral,0,@tanyarlfes Titipin aja anaknya ke panti, biar ga ngerasa bersalah,0,163,2.276,2023-02-27T05:51:41.877589Z,1364,GajahDu69356383
1,2023-02-27T05:51:43.017602Z,1188,Neutral,0,@Nindiyaa_ @sbyfess Sehun,1,164,0.78,2023-02-27T05:51:43.017602Z,1365,GajahDu69356383
1,2023-02-27T05:51:45.437745Z,1189,Neutral,0,@convomfs Ke dlam rumah, itu dri awal masuk gw liatin trus tuh. Itu bayangan tdi jalan masuk nya , ga terbang gtu. Trus gatau kemana, lupa.,0,165,2.093,2023-02-27T05:51:45.437745Z,1366,GajahDu69356383
1,2023-02-27T05:51:46.952886Z,1190,Negative,0,@convomfs Dlu pas tk, gw kan di ruang tamu sendirian nonton TV. Ortu gw kluar, dan waktu itu msih ada nenek tapi diâ€¦ https://t.co/ArVPKI3kKv,0,166,1.199,2023-02-27T05:51:46.952886Z,1367,GajahDu69356383
1,2023-02-27T05:51:49.308003Z,1191,Neutral,0,@mlbbfess Loh ayo mangga,0,167,1.961,2023-02-27T05:51:49.308003Z,1368,GajahDu69356383
1,2023-02-27T05:51:52.412791Z,1192,Negative,0,@tanyarlfes Lu lebih pantas mati sih, sumpah.,0,168,2.778,2023-02-27T05:51:52.412791Z,1369,GajahDu69356383
1,2023-02-27T05:51:56.147578Z,1193,Neutral,0,@mlbbfess Karepmu pokok ra nguntal gapuro,0,169,3.419,2023-02-27T05:51:56.147578Z,1370,GajahDu69356383
1,2023-02-27T05:51:57.931890Z,1194,Neutral,0,@sbyfess Tega,0,170,1.461,2023-02-27T05:51:57.931890Z,1371,GajahDu69356383
1,2023-02-27T05:51:59.170586Z,1195,Negative,544,RT @maharanilyss: Stiker WA Dino Gembul

~a thread~ https://t.co/Mm45oVDuwd,0,171,0.917,2023-02-27T05:51:59.170586Z,1372,GajahDu69356383
1,2023-02-27T05:52:00.981958Z,1196,Neutral,0,@mlbbfess Emang ya paling bner moonton nyediain 20 tempat hero banned,0,172,1.464,2023-02-27T05:52:00.981958Z,1373,GajahDu69356383
1,2023-02-27T05:52:02.707906Z,1197,Neutral,0,@mlbbfess Menkt,0,173,1.365,2023-02-27T05:52:02.707906Z,1374,GajahDu69356383
1,2023-02-27T05:52:04.010320Z,1198,Negative,0,@totegi @recehtapisayng Yg bermasalah mereka, yg kena semua kampung. Lu waras? Apa emang lo gada otak? Gw jga orangâ€¦ https://t.co/77NDGqnmL7,0,174,0.929,2023-02-27T05:52:04.010320Z,1375,GajahDu69356383
1,2023-02-27T05:52:05.927704Z,1199,Negative,0,@tanyarlfes Cuma satu sih, LU MATI AJA NGENTOD. GA JELAS BANGET JDI ORANG, KONTOL. CEWE JAHANAM BABI,0,175,1.528,2023-02-27T05:52:05.927704Z,1376,GajahDu69356383
1,2023-02-27T05:52:07.115804Z,1200,Negative,4786,RT @kochengfs: ğŸˆ kalo kucing kalian nemu tikus, biasanya tikusnya diapain sama kucing kalian? https://t.co/hpsODRyeJi,0,176,0.743,2023-02-27T05:52:07.115804Z,1377,GajahDu69356383
1,2023-02-27T05:52:08.472582Z,1201,Negative,0,@sbyfess Lpo cewe saiki roto2 ga perawan,0,177,0.929,2023-02-27T05:52:08.472582Z,1378,GajahDu69356383
1,2023-02-27T05:52:12.577506Z,1202,Neutral,0,@sbyfess 13/11,0,178,2.057,2023-02-27T05:52:09.781464Z,1379,GajahDu69356383
1,2023-02-27T05:52:17.297747Z,1203,Negative,0,@sbyfess Ancene Koen kyok kontol kok raimu,1,179,1.358,2023-02-27T05:52:17.297747Z,1380,GajahDu69356383
1,2023-02-27T05:52:27.047992Z,1204,Neutral,0,@convomfs Haram, zina,0,180,9.396,2023-02-27T05:52:27.047992Z,1381,GajahDu69356383
1,2023-02-27T05:52:29.827952Z,1205,Neutral,0,@darjofess Perpanjang,0,181,2.339,2023-02-27T05:52:29.827952Z,1382,GajahDu69356383
1,2023-02-27T05:52:31.660038Z,1206,Negative,0,@tanyarlfes Banyak arti nya, bisa jdi Good Game. Bisa jdi Gak Guna. Dan bisa jdi GiGolo,0,182,1.424,2023-02-27T05:52:31.660038Z,1383,GajahDu69356383
1,2023-02-27T05:52:33.477550Z,1207,Neutral,0,@sbyfess Russia - jerman,0,183,1.387,2023-02-27T05:52:33.477550Z,1384,GajahDu69356383
1,2023-02-27T05:52:35.460977Z,1208,Neutral,0,@sbyfess Langsung tak rudal omah e sak wong2 omah e,0,184,1.585,2023-02-27T05:52:35.460977Z,1385,GajahDu69356383
1,2023-02-27T05:52:38.579399Z,1209,Neutral,0,@tanyarlfes Cari yg nerima lu apa ada nya. Sendiri aja dlu, jgn mikir cewek.,0,185,2.776,2023-02-27T05:52:38.579399Z,1386,GajahDu69356383
1,2023-02-27T05:52:39.847730Z,1210,Negative,0,@tanyarlfes Mending tinggalin. Blum nikah aja udh kek gtu, gimana nikah nanti mlah mikirin gengsi doang yg ada. Serâ€¦ https://t.co/Vtzdzh92jI,0,186,0.883,2023-02-27T05:52:39.847730Z,1387,GajahDu69356383
1,2023-02-27T05:52:41.669549Z,1211,Neutral,0,@tanyarlfes Mbek aku ae mas ngopi ayo.,0,187,1.453,2023-02-27T05:52:41.669549Z,1388,GajahDu69356383
1,2023-02-27T05:52:43.377499Z,1212,Neutral,0,@convomfs Kan orang luar dulu di bunuh massal, mangkanya gaada blasteran di indo. Ada pun tapi chindo,0,188,1.353,2023-02-27T05:52:43.377499Z,1389,GajahDu69356383
1,2023-02-27T05:52:45.117856Z,1213,Negative,4,RT @akun500juta: music box

https://t.co/1gYwzQiK2C https://t.co/awmc5A9RD8,0,189,1.4,2023-02-27T05:52:45.117856Z,1390,GajahDu69356383
1,2023-02-27T05:52:46.177628Z,1214,Negative,597,RT @akun500juta: PERKUMPULAN DARK JOKES

â€” a thread https://t.co/71F9wLRzXd,0,190,0.69,2023-02-27T05:52:46.177628Z,1391,GajahDu69356383
1,2023-02-27T05:52:49.252585Z,1215,Neutral,0,@sbyfess Maklum bedes lah ngunu ağŸ¤£ğŸ¤£ğŸ¤£. IKATAN KERA SAMPAH POL INI,0,191,2.693,2023-02-27T05:52:49.252585Z,1392,GajahDu69356383
1,2023-02-27T05:52:50.657636Z,1216,Neutral,0,@cungaddict @sstarlighttt_ @sbyfess Bee isi taek masğŸ¤£,0,192,1.058,2023-02-27T05:52:50.657636Z,1393,GajahDu69356383
1,2023-02-27T05:52:51.767748Z,1217,Neutral,0,@matchajenniee @sbyfess Maklum ae, bedes lah ngunu ağŸ¤£,0,193,0.766,2023-02-27T05:52:51.767748Z,1394,GajahDu69356383
1,2023-02-27T05:52:54.562806Z,1218,Negative,0,@rerekamu @sbyfess @sbycare Wedi ta raimu cok, banci ngono. Ws nggae ulah kok Kate sengidanğŸ¤£ğŸ¤£ğŸ¤£,0,194,1.698,2023-02-27T05:52:54.562806Z,1395,GajahDu69356383
1,2023-02-27T05:53:00.802830Z,1219,Negative,0,@bigwinyayaya @sbyfess IKATAN KERA SAMPAH POL IYO,0,195,5.253,2023-02-27T05:53:00.802830Z,1396,GajahDu69356383
1,2023-02-27T05:53:02.697706Z,1220,Neutral,0,@tetapkriminal @sbyfess Maaf raimu, ngomong maaf gampang, mbok kiro mbek maaf isok ngobati loro ati ne wong?,0,196,1.516,2023-02-27T05:53:02.697706Z,1397,GajahDu69356383
1,2023-02-27T05:53:09.017561Z,1221,Negative,0,@xxyzAminuzz @sbyfess Koen ae a seng di rujak, praen2 mesum cok2,0,197,4.2509999999999994,2023-02-27T05:53:06.252374Z,1398,GajahDu69356383
1,2023-02-27T05:53:11.579979Z,1222,Negative,0,@sbyfess Babi,0,198,1.763,2023-02-27T05:53:11.579979Z,1399,GajahDu69356383
1,2023-02-27T05:53:14.707979Z,1223,Negative,937,RT @PridefuISin: How to make your Twitter Black and Purple 

A thread ğŸ§µ; https://t.co/11MxxsR4ov,0,199,2.649,2023-02-27T05:53:13.042840Z,1400,GajahDu69356383
