"id","annotations__id","annotations__completed_by","annotations__result__value__choices__-","annotations__result__id","annotations__result__from_name","annotations__result__to_name","annotations__result__type","annotations__result__origin","annotations__was_cancelled","annotations__ground_truth","annotations__created_at","annotations__updated_at","annotations__lead_time","annotations__result_count","annotations__task","annotations__project","annotations__parent_prediction","annotations__parent_annotation","file_upload","data__Unnamed: 0","data__id","data__username","data__text","data__retweet_count","data__like_count","data__created_at","created_at","updated_at","inner_id","total_annotations","cancelled_annotations","total_predictions","comment_count","unresolved_comment_count","last_comment_updated_at","project","updated_by"
"2397","2222","1","Negative","OZB7sR4Y4i","sentiment","text","choices","manual","False","False","2023-02-27T07:12:01.609001Z","2023-02-27T07:12:01.609001Z","1.547","0","2397","19","null","null","5d4119fc-humandsuperboy.csv","0","1622509979126345730","dsuperboy","Dulu tinggal di desa, orang tua bikin rumah di tengah sawah malah — di satu bagian yang dikeringkan. Mereka bertani… https://t.co/WnIbrb0uwb","9","382","2023-02-06 08:18:18+00:00","2023-02-27T07:11:57.943070Z","2023-02-27T07:12:01.680010Z","1","1","0","0","0","0","null","19","1"
"2398","2223","1","Positive","A8hG_Cynqw","sentiment","text","choices","manual","False","False","2023-02-27T07:12:02.815791Z","2023-02-27T07:12:02.815791Z","0.783","0","2398","19","null","null","5d4119fc-humandsuperboy.csv","1","1622464844325879808","dsuperboy","Kerja keras buat beli waras.","1478","3865","2023-02-06 05:18:57+00:00","2023-02-27T07:11:57.943070Z","2023-02-27T07:12:02.868326Z","2","1","0","0","0","0","null","19","1"
"2399","2224","1","Neutral","8Ofvku4BK6","sentiment","text","choices","manual","False","False","2023-02-27T07:12:03.674418Z","2023-02-27T07:12:05.868367Z","1.162","0","2399","19","null","null","5d4119fc-humandsuperboy.csv","2","1622162343907192832","dsuperboy","@Yan_Djainady 🙏🏻","0","0","2023-02-05 09:16:55+00:00","2023-02-27T07:11:57.943070Z","2023-02-27T07:12:05.928949Z","3","1","0","0","0","0","null","19","1"
"2400","2225","1","Negative","MQMrf79ken","sentiment","text","choices","manual","False","False","2023-02-27T07:12:08.794027Z","2023-02-27T07:12:08.794027Z","1.087","0","2400","19","null","null","5d4119fc-humandsuperboy.csv","3","1622110760989241345","dsuperboy","Awal tahun menandatangani 2 kontrak kerjasama dengan penerbit Sigikata. Tahun ini kami berencana menerbitkan 2 judu… https://t.co/e2sgCuspTJ","4","296","2023-02-05 05:51:57+00:00","2023-02-27T07:11:57.943070Z","2023-02-27T07:12:08.852259Z","4","1","0","0","0","0","null","19","1"
"2401","2226","1","Neutral","6gf-mHBNeL","sentiment","text","choices","manual","False","False","2023-02-27T07:12:10.872303Z","2023-02-27T07:12:10.872303Z","1.676","0","2401","19","null","null","5d4119fc-humandsuperboy.csv","4","1622107143704018944","dsuperboy","@elisanina19 🙏🏻","0","47","2023-02-05 05:37:35+00:00","2023-02-27T07:11:57.943070Z","2023-02-27T07:12:10.928131Z","5","1","0","0","0","0","null","19","1"
"2402","2227","1","Negative","aOCBm-5B45","sentiment","text","choices","manual","False","False","2023-02-27T07:12:12.041125Z","2023-02-27T07:12:12.041125Z","0.888","0","2402","19","null","null","5d4119fc-humandsuperboy.csv","5","1621964620436234240","dsuperboy","https://t.co/OmZHGIzraH","77","853","2023-02-04 20:11:14+00:00","2023-02-27T07:11:57.943070Z","2023-02-27T07:12:12.095947Z","6","1","0","0","0","0","null","19","1"
"2403","2228","1","Negative","Y6Rm03mFgU","sentiment","text","choices","manual","False","False","2023-02-27T07:12:13.346077Z","2023-02-27T07:12:13.346077Z","1.049","0","2403","19","null","null","5d4119fc-humandsuperboy.csv","6","1621907929120251905","dsuperboy","Aku tidak kalah, aku hanya sedang mengambil jeda. Membiarkan udara berembus di sekitarku. Mengumpulkan energi dan m… https://t.co/RDfF8EWd5s","1404","4567","2023-02-04 16:25:58+00:00","2023-02-27T07:11:57.943070Z","2023-02-27T07:12:13.407145Z","7","1","0","0","0","0","null","19","1"
"2404","2229","1","Negative","WxU3cNVQgO","sentiment","text","choices","manual","False","False","2023-02-27T07:12:14.324695Z","2023-02-27T07:12:14.324695Z","0.703","0","2404","19","null","null","5d4119fc-humandsuperboy.csv","7","1621797349487181825","dsuperboy","Alasan lain ke Bukittinggi. https://t.co/kDizjaqyTJ","50","1136","2023-02-04 09:06:34+00:00","2023-02-27T07:11:57.943070Z","2023-02-27T07:12:14.386112Z","8","1","0","0","0","0","null","19","1"
"2405","2230","1","Negative","QHoUQzA0j9","sentiment","text","choices","manual","False","False","2023-02-27T07:12:15.266542Z","2023-02-27T07:12:15.266542Z","0.672","0","2405","19","null","null","5d4119fc-humandsuperboy.csv","8","1621733298610511872","dsuperboy","Satu dari banyak alasan ke Bukittinggi. https://t.co/Fz6q1sMU1p","42","894","2023-02-04 04:52:03+00:00","2023-02-27T07:11:57.943070Z","2023-02-27T07:12:15.322712Z","9","1","0","0","0","0","null","19","1"
"2406","2231","1","Positive","0uJoEdwyCU","sentiment","text","choices","manual","False","False","2023-02-27T07:12:16.321977Z","2023-02-27T07:12:16.321977Z","0.801","0","2406","19","null","null","5d4119fc-humandsuperboy.csv","9","1621728912056389632","dsuperboy","@otongkoil Yang penting nggak pakai dukun :(","8","261","2023-02-04 04:34:37+00:00","2023-02-27T07:11:57.943070Z","2023-02-27T07:12:16.376881Z","10","1","0","0","0","0","null","19","1"
"2407","2232","1","Negative","C895v50vBf","sentiment","text","choices","manual","False","False","2023-02-27T07:12:17.377620Z","2023-02-27T07:12:17.377620Z","0.796","0","2407","19","null","null","5d4119fc-humandsuperboy.csv","10","1621465703940489217","dsuperboy","https://t.co/P44JXzDlnr","1222","5904","2023-02-03 11:08:43+00:00","2023-02-27T07:11:57.943070Z","2023-02-27T07:12:17.428521Z","11","1","0","0","0","0","null","19","1"
"2408","2233","1","Positive","mSEVfIwLFJ","sentiment","text","choices","manual","False","False","2023-02-27T07:12:18.317006Z","2023-02-27T07:12:18.317006Z","0.693","0","2408","19","null","null","5d4119fc-humandsuperboy.csv","11","1621226481056894976","dsuperboy","Masih sayang, cuma udah nggak berharap buat bersama lagi.","2394","8519","2023-02-02 19:18:08+00:00","2023-02-27T07:11:57.943070Z","2023-02-27T07:12:18.379563Z","12","1","0","0","0","0","null","19","1"
"2409","2234","1","Positive","H4qvqC4vTX","sentiment","text","choices","manual","False","False","2023-02-27T07:12:19.389984Z","2023-02-27T07:12:19.389984Z","0.805","0","2409","19","null","null","5d4119fc-humandsuperboy.csv","12","1621213497425285120","dsuperboy","Emang beneran kalau kaki kita sering kesemutan itu gara-gara nggak sengaja pernah memakan semut?","62","975","2023-02-02 18:26:33+00:00","2023-02-27T07:11:57.943070Z","2023-02-27T07:12:19.451165Z","13","1","0","0","0","0","null","19","1"
"2410","2235","1","Positive","NMgDEvqZoY","sentiment","text","choices","manual","False","False","2023-02-27T07:12:20.222981Z","2023-02-27T07:12:20.222981Z","0.539","0","2410","19","null","null","5d4119fc-humandsuperboy.csv","13","1621191882591330304","dsuperboy","Apa efek memakan semut?","72","1732","2023-02-02 17:00:39+00:00","2023-02-27T07:11:57.943070Z","2023-02-27T07:12:20.767576Z","14","1","0","0","0","0","null","19","1"
"2411","2236","1","Negative","IQ_-MFwyef","sentiment","text","choices","manual","False","False","2023-02-27T07:12:22.566885Z","2023-02-27T07:12:22.566885Z","1.153","0","2411","19","null","null","5d4119fc-humandsuperboy.csv","14","1621139419939102720","dsuperboy","Nanti jika aku tidak kembali, sungguh aku pernah bersungguh-sungguh di sana. Sungguh aku pernah setotal itu memberi… https://t.co/N3d75SnzQ2","2063","5385","2023-02-02 13:32:11+00:00","2023-02-27T07:11:57.943070Z","2023-02-27T07:12:22.806504Z","15","1","0","0","0","0","null","19","1"
"2412","2237","1","Positive","dWFCHNjBOH","sentiment","text","choices","manual","False","False","2023-02-27T07:12:24.015274Z","2023-02-27T07:12:24.015274Z","0.797","0","2412","19","null","null","5d4119fc-humandsuperboy.csv","15","1620881026775142400","dsuperboy","Tetaplah hidup meski sepanjang tahun kau harus begadang.","896","4550","2023-02-01 20:25:25+00:00","2023-02-27T07:11:57.943070Z","2023-02-27T07:12:24.287536Z","16","1","0","0","0","0","null","19","1"
"2413","2238","1","Negative","wQXm97Gxe6","sentiment","text","choices","manual","False","False","2023-02-27T07:12:25.672406Z","2023-02-27T07:12:25.672406Z","0.871","0","2413","19","null","null","5d4119fc-humandsuperboy.csv","16","1620876011574538243","dsuperboy","Aku mungkin bisa terlihat biasa saja di hadapanmu. Tetap terlihat tenang. Tidak membahas apa pun soal perasaan. Mes… https://t.co/XoBHjCaeb3","665","2456","2023-02-01 20:05:30+00:00","2023-02-27T07:11:57.943070Z","2023-02-27T07:12:26.813969Z","17","1","0","0","0","0","null","19","1"
"2414","2239","1","Negative","Qf5gpFTq7A","sentiment","text","choices","manual","False","False","2023-02-27T07:12:29.304371Z","2023-02-27T07:12:29.304371Z","1.36","0","2414","19","null","null","5d4119fc-humandsuperboy.csv","17","1620872067062325248","dsuperboy","Nggak usah ngayal ketinggian pukul segini bang. 🥹 https://t.co/UQcGvgZgaP","10","218","2023-02-01 19:49:49+00:00","2023-02-27T07:11:57.943070Z","2023-02-27T07:12:29.364962Z","18","1","0","0","0","0","null","19","1"
"2415","2240","1","Positive","6Ai9W-TQbw","sentiment","text","choices","manual","False","False","2023-02-27T07:12:31.965072Z","2023-02-27T07:12:31.965072Z","2.369","0","2415","19","null","null","5d4119fc-humandsuperboy.csv","18","1620871294559608832","dsuperboy","Begadang itu enggak sehat. Udah tahu, tapi masih aja dilakukan. Begitulah diriku.","681","3183","2023-02-01 19:46:45+00:00","2023-02-27T07:11:57.943070Z","2023-02-27T07:12:32.026361Z","19","1","0","0","0","0","null","19","1"
"2416","2241","1","Positive","YBpPRE1pvt","sentiment","text","choices","manual","False","False","2023-02-27T07:12:33.329138Z","2023-02-27T07:12:33.329138Z","1.101","0","2416","19","null","null","5d4119fc-humandsuperboy.csv","19","1620850103065145344","dsuperboy","@convomf Makan","3","124","2023-02-01 18:22:33+00:00","2023-02-27T07:11:57.943070Z","2023-02-27T07:12:33.399834Z","20","1","0","0","0","0","null","19","1"
"2417","2242","1","Negative","55fZYI9yQq","sentiment","text","choices","manual","False","False","2023-02-27T07:12:34.348636Z","2023-02-27T07:12:34.348636Z","0.753","0","2417","19","null","null","5d4119fc-humandsuperboy.csv","20","1620847514672062464","dsuperboy","https://t.co/SBJBkg5mT1","1","411","2023-02-01 18:12:16+00:00","2023-02-27T07:11:57.943070Z","2023-02-27T07:12:34.410229Z","21","1","0","0","0","0","null","19","1"
"2418","2243","1","Negative","WqU1ntvdAE","sentiment","text","choices","manual","False","False","2023-02-27T07:12:35.460362Z","2023-02-27T07:12:35.460362Z","0.841","0","2418","19","null","null","5d4119fc-humandsuperboy.csv","21","1620673771744161792","dsuperboy","@tanyakanrl karena aku sering cari video ikan, brand baju (lagi belajar, mau punya brand baju), sama lagi suka mant… https://t.co/oQZrUnt5K8","8","333","2023-02-01 06:41:52+00:00","2023-02-27T07:11:57.943070Z","2023-02-27T07:12:35.514615Z","22","1","0","0","0","0","null","19","1"
"2419","2244","1","Negative","6c56SPi4Fl","sentiment","text","choices","manual","False","False","2023-02-27T07:12:36.349950Z","2023-02-27T07:12:36.349950Z","0.613","0","2419","19","null","null","5d4119fc-humandsuperboy.csv","22","1620672010451025925","dsuperboy","@tanyarlfes Nder, aku juga sering kecewa sama harapanku sendiri nder. Banyak doa juga belum dikabulkan. Sering berp… https://t.co/RBlWTgnxFV","661","3325","2023-02-01 06:34:52+00:00","2023-02-27T07:11:57.943070Z","2023-02-27T07:12:36.410822Z","23","1","0","0","0","0","null","19","1"
"2420","2245","1","Negative","VHRwWO2xbg","sentiment","text","choices","manual","False","False","2023-02-27T07:12:37.559852Z","2023-02-27T07:12:37.559852Z","0.947","0","2420","19","null","null","5d4119fc-humandsuperboy.csv","23","1620663781352419328","dsuperboy","Nikah yuk.\n\nMau lanjut S2.\n\nSetelah nikah kan bisa.\n\nBoleh?\n\nKenapa enggak?\n\nSebulan setelah nikah, doi lanjut S2.… https://t.co/DpawOTzZc6","282","6696","2023-02-01 06:02:10+00:00","2023-02-27T07:11:57.943070Z","2023-02-27T07:12:37.620769Z","24","1","0","0","0","0","null","19","1"
"2421","2246","1","Negative","x-0ohse36E","sentiment","text","choices","manual","False","False","2023-02-27T07:12:38.592697Z","2023-02-27T07:12:38.592697Z","0.768","0","2421","19","null","null","5d4119fc-humandsuperboy.csv","24","1620418445954420736","dsuperboy","Mau nikah di KUA doang, mau resepsi sederhana, mau nikah resepsi mewah. Ya, nggak apa-apa. Defenisi bahagia tiap or… https://t.co/5g8L5Sa0x6","4292","9647","2023-01-31 13:47:18+00:00","2023-02-27T07:11:57.943070Z","2023-02-27T07:12:38.656263Z","25","1","0","0","0","0","null","19","1"
"2422","2247","1","Neutral","igxn9A88i4","sentiment","text","choices","manual","False","False","2023-02-27T07:12:40.169590Z","2023-02-27T11:51:27.697334Z","11.311","0","2422","19","null","null","5d4119fc-humandsuperboy.csv","25","1620416045025734656","dsuperboy","@viyool 🙏🏻","1","58","2023-01-31 13:37:45+00:00","2023-02-27T07:11:57.943070Z","2023-02-27T11:51:27.813644Z","26","1","0","0","0","0","null","19","1"
"2423","2248","1","Positive","szQgqnttaQ","sentiment","text","choices","manual","False","False","2023-02-27T07:12:41.859270Z","2023-02-27T07:12:41.859270Z","1.434","0","2423","19","null","null","5d4119fc-humandsuperboy.csv","26","1620368330560528390","dsuperboy","Belajar bahagia melihat orang lain bahagia. Meski ukuran bahagia mereka tak sama dengan kita.","1420","4663","2023-01-31 10:28:09+00:00","2023-02-27T07:11:57.943070Z","2023-02-27T07:12:42.045593Z","27","1","0","0","0","0","null","19","1"
"2424","2249","1","Negative","3QbqMpk8Y8","sentiment","text","choices","manual","False","False","2023-02-27T07:12:43.024155Z","2023-02-27T07:12:43.024155Z","0.765","0","2424","19","null","null","5d4119fc-humandsuperboy.csv","27","1620315849465933825","dsuperboy","Enak ya hobi dibayar. Padahal yang dibayar itu bukan hanya hobi semata, ada investasi waktu, latihan, tenaga, prose… https://t.co/kM5nNCKKIy","153","1009","2023-01-31 06:59:37+00:00","2023-02-27T07:11:57.943070Z","2023-02-27T07:12:43.084958Z","28","1","0","0","0","0","null","19","1"
"2425","2250","1","Positive","DSCybwC0jC","sentiment","text","choices","manual","False","False","2023-02-27T07:12:43.960964Z","2023-02-27T07:12:43.960964Z","0.667","0","2425","19","null","null","5d4119fc-humandsuperboy.csv","28","1620066458574417921","dsuperboy","@kegblgnunfaedh Gak ada nder. Aku udah terlalu banyak dosa :(","225","7922","2023-01-30 14:28:37+00:00","2023-02-27T07:11:57.943070Z","2023-02-27T07:12:44.167347Z","29","1","0","0","0","0","null","19","1"
"2426","2251","1","Negative","-69CGTwYJW","sentiment","text","choices","manual","False","False","2023-02-27T07:12:45.553933Z","2023-02-27T07:12:45.553933Z","1.054","0","2426","19","null","null","5d4119fc-humandsuperboy.csv","29","1620056965857804288","dsuperboy","Orang lain boleh tidak suka padamu. Tidak mungkin mengendalikan perasaan mereka. Namun kamu juga boleh tidak member… https://t.co/AsPwBLZIft","1062","3284","2023-01-30 13:50:54+00:00","2023-02-27T07:11:57.943070Z","2023-02-27T07:12:45.612355Z","30","1","0","0","0","0","null","19","1"
"2427","2252","1","Positive","CciIMMZMOF","sentiment","text","choices","manual","False","False","2023-02-27T07:12:46.545505Z","2023-02-27T07:12:46.545505Z","0.657","0","2427","19","null","null","5d4119fc-humandsuperboy.csv","30","1620032014572453889","dsuperboy","Sedang banyak cemasnya.","3075","7108","2023-01-30 12:11:45+00:00","2023-02-27T07:11:57.943070Z","2023-02-27T07:12:46.607209Z","31","1","0","0","0","0","null","19","1"
"2428","2253","1","Negative","mkWACIABLf","sentiment","text","choices","manual","False","False","2023-02-27T07:12:47.805279Z","2023-02-27T07:12:50.078219Z","2.026","0","2428","19","null","null","5d4119fc-humandsuperboy.csv","31","1620008626894274564","dsuperboy","Di tengah sebuah kota, ada seseorang yang tiba-tiba menangis.  Ia juga tidak mengerti, tapi air mata dari tangis it… https://t.co/YM6OnF6V8I","787","2643","2023-01-30 10:38:49+00:00","2023-02-27T07:11:57.943070Z","2023-02-27T07:12:50.130336Z","32","1","0","0","0","0","null","19","1"
"2429","2254","1","Positive","AMHpF-YqQ4","sentiment","text","choices","manual","False","False","2023-02-27T07:12:51.904969Z","2023-02-27T07:12:51.904969Z","1.009","0","2429","19","null","null","5d4119fc-humandsuperboy.csv","32","1620006635115773952","dsuperboy","@FOOD_FESS Durian","0","159","2023-01-30 10:30:54+00:00","2023-02-27T07:11:57.943070Z","2023-02-27T07:12:52.061825Z","33","1","0","0","0","0","null","19","1"
"2430","2255","1","Positive","DYzwT2b_jm","sentiment","text","choices","manual","False","False","2023-02-27T11:46:12.423111Z","2023-02-27T11:46:12.423111Z","4.016","0","2430","19","null","null","5d4119fc-humandsuperboy.csv","33","1620005329785491456","dsuperboy","Lagi fase minder sama banyak hal.  Semoga segera selesai fase ini.  :)","3046","7179","2023-01-30 10:25:43+00:00","2023-02-27T07:11:57.943070Z","2023-02-27T11:46:12.530609Z","34","1","0","0","0","0","null","19","1"
"2431","2256","1","Positive","dvhkxUHpJe","sentiment","text","choices","manual","False","False","2023-02-27T11:47:28.009543Z","2023-02-27T11:47:28.009543Z","75.054","0","2431","19","null","null","5d4119fc-humandsuperboy.csv","34","1620003045278109699","dsuperboy","@dayatpiliang Aslinya dayat emang cwk kak. Aku pernah ketemu.","0","95","2023-01-30 10:16:38+00:00","2023-02-27T07:11:57.943070Z","2023-02-27T11:47:28.125349Z","35","1","0","0","0","0","null","19","1"
"2432","2257","1","Negative","VKJ5fOvZ6W","sentiment","text","choices","manual","False","False","2023-02-27T11:47:30.911088Z","2023-02-27T11:47:30.911088Z","2.4","0","2432","19","null","null","5d4119fc-humandsuperboy.csv","35","1620002815686086656","dsuperboy","Sebulan lagilah ya. https://t.co/QjqeRvIsKf","12","451","2023-01-30 10:15:44+00:00","2023-02-27T07:11:57.943070Z","2023-02-27T11:47:31.018489Z","36","1","0","0","0","0","null","19","1"
"2433","2258","1","Positive","pN-X7tkRQO","sentiment","text","choices","manual","False","False","2023-02-27T11:55:23.032796Z","2023-02-27T11:55:23.032796Z","2.033","0","2433","19","null","null","5d4119fc-humandsuperboy.csv","36","1619735360065662977","dsuperboy","Kenapa ya mahasiswa harus ngekos segala? Padahal kan bisa bawa tenda aja.","500","5981","2023-01-29 16:32:57+00:00","2023-02-27T07:11:57.943070Z","2023-02-27T11:55:23.146140Z","37","1","0","0","0","0","null","19","1"
"2434","2259","1","Negative","F0g7fYyrvZ","sentiment","text","choices","manual","False","False","2023-02-27T11:55:25.730328Z","2023-02-27T11:55:25.730328Z","2.083","0","2434","19","null","null","5d4119fc-humandsuperboy.csv","37","1619643945226768385","dsuperboy","Membeli kursi dan meja yang sama dengan yang ada di kopisop langganan, biar berasa ada di kopisop saat kerja di rum… https://t.co/ZZDsTCwNhA","25","484","2023-01-29 10:29:42+00:00","2023-02-27T07:11:57.943070Z","2023-02-27T11:55:25.874266Z","38","1","0","0","0","0","null","19","1"
"2435","2260","1","Positive","czsbmEti50","sentiment","text","choices","manual","False","False","2023-02-27T11:55:28.193428Z","2023-02-27T11:55:28.193428Z","1.737","0","2435","19","null","null","5d4119fc-humandsuperboy.csv","38","1619588575355633664","dsuperboy","Selamat siang orang-orang yang kangen diri sendiri.","1139","5025","2023-01-29 06:49:41+00:00","2023-02-27T07:11:57.943070Z","2023-02-27T11:55:28.360839Z","39","1","0","0","0","0","null","19","1"
"2436","2261","1","Negative","J891VPnz6s","sentiment","text","choices","manual","False","False","2023-02-27T11:55:30.251260Z","2023-02-27T11:55:30.251260Z","1.414","0","2436","19","null","null","5d4119fc-humandsuperboy.csv","39","1619385125208465408","dsuperboy","Orang Indonesia emang nggak bisa dihentikan. Gegara banyak yang omelin nenek-nenek mandi lumpur, sekarang mereka ga… https://t.co/gdj8tF9goc","26","828","2023-01-28 17:21:15+00:00","2023-02-27T07:11:57.943070Z","2023-02-27T11:55:30.460070Z","40","1","0","0","0","0","null","19","1"
"2437","2262","1","Negative","vb7QKk7Gyb","sentiment","text","choices","manual","False","False","2023-02-27T11:55:32.199470Z","2023-02-27T11:55:32.199470Z","1.132","0","2437","19","null","null","5d4119fc-humandsuperboy.csv","40","1619353850238074880","dsuperboy","Setelah perjalanan jauh itu tubuh pulang memanglah harus disiapkan. Jika tidak, biarlah tenggelam di lautan. Rantau… https://t.co/nDX4urp0nD","162","1083","2023-01-28 15:16:58+00:00","2023-02-27T07:11:57.943070Z","2023-02-27T11:55:32.338281Z","41","1","0","0","0","0","null","19","1"
"2438","2263","1","Negative","eOOeY0-KBZ","sentiment","text","choices","manual","False","False","2023-02-27T11:55:34.169880Z","2023-02-27T11:55:34.169880Z","1.449","0","2438","19","null","null","5d4119fc-humandsuperboy.csv","41","1619315880831389700","dsuperboy","Ada saatnya bikin dulu aja. Andalkan kemampuan yang ada. Sembari belajar ini itu. Sebab kalau ditunggu hebat dulu,… https://t.co/b26DhFbGP6","264","1210","2023-01-28 12:46:06+00:00","2023-02-27T07:11:57.943070Z","2023-02-27T11:55:34.267849Z","42","1","0","0","0","0","null","19","1"
"2439","2264","1","Positive","_2-O9er4u3","sentiment","text","choices","manual","False","False","2023-02-27T11:55:36.130155Z","2023-02-27T11:55:36.130155Z","1.349","0","2439","19","null","null","5d4119fc-humandsuperboy.csv","42","1619245806296649728","dsuperboy","Jangan jahat-jahat, aku mudah melupakanmu.","1215","5166","2023-01-28 08:07:39+00:00","2023-02-27T07:11:57.943070Z","2023-02-27T11:55:36.242524Z","43","1","0","0","0","0","null","19","1"
"2440","2265","1","Positive","B17Gz4VXYZ","sentiment","text","choices","manual","False","False","2023-02-27T11:55:38.115551Z","2023-02-27T11:55:38.115551Z","1.411","0","2440","19","null","null","5d4119fc-humandsuperboy.csv","43","1619222052686397442","dsuperboy","@convomf Ajak ngobrol, ntar kalau udah kenal juga akrab.","14","486","2023-01-28 06:33:15+00:00","2023-02-27T07:11:57.943070Z","2023-02-27T11:55:38.214728Z","44","1","0","0","0","0","null","19","1"
"2441","2266","1","Positive","bVqO3f0_Rk","sentiment","text","choices","manual","False","False","2023-02-27T11:55:40.795024Z","2023-02-27T11:55:40.795024Z","2.132","0","2441","19","null","null","5d4119fc-humandsuperboy.csv","44","1618988226576011265","dsuperboy","Ada cerita apa hari ini?","390","4295","2023-01-27 15:04:07+00:00","2023-02-27T07:11:57.943070Z","2023-02-27T11:55:40.897105Z","45","1","0","0","0","0","null","19","1"
"2442","2267","1","Positive","Yn5AzHW6zA","sentiment","text","choices","manual","False","False","2023-02-27T11:55:42.342813Z","2023-02-27T11:55:42.342813Z","0.934","0","2442","19","null","null","5d4119fc-humandsuperboy.csv","45","1618940555450519553","dsuperboy","Jarang ngetwit tapi tetap rajin memantau.","585","3325","2023-01-27 11:54:41+00:00","2023-02-27T07:11:57.943070Z","2023-02-27T11:55:42.449868Z","46","1","0","0","0","0","null","19","1"
"2443","2268","1","Positive","7WG-BSkunp","sentiment","text","choices","manual","False","False","2023-02-27T11:55:44.619259Z","2023-02-27T11:55:44.619259Z","1.697","0","2443","19","null","null","5d4119fc-humandsuperboy.csv","46","1618685219187601410","dsuperboy","Tidurlah, biar hujan mulai reda.","475","2431","2023-01-26 19:00:04+00:00","2023-02-27T07:11:57.943070Z","2023-02-27T11:55:44.731452Z","47","1","0","0","0","0","null","19","1"
"2444","2269","1","Positive","mqP5ADK3xe","sentiment","text","choices","manual","False","False","2023-02-27T11:55:46.563641Z","2023-02-27T11:55:46.563641Z","1.386","0","2444","19","null","null","5d4119fc-humandsuperboy.csv","47","1618633953119997952","dsuperboy","@Askrlfess Jadi penulis buku penuh waktu di Indonesia","16","574","2023-01-26 15:36:21+00:00","2023-02-27T07:11:57.943070Z","2023-02-27T11:55:46.667462Z","48","1","0","0","0","0","null","19","1"
"2445","2270","1","Negative","nuuwE_ZqFc","sentiment","text","choices","manual","False","False","2023-02-27T11:55:48.427690Z","2023-02-27T11:55:48.427690Z","1.376","0","2445","19","null","null","5d4119fc-humandsuperboy.csv","48","1618601246541373440","dsuperboy","https://t.co/aZEcyuDQTM","518","2512","2023-01-26 13:26:23+00:00","2023-02-27T07:11:57.943070Z","2023-02-27T11:55:48.523418Z","49","1","0","0","0","0","null","19","1"
"2446","2271","1","Positive","aWzQyee5Yo","sentiment","text","choices","manual","False","False","2023-02-27T11:55:50.129515Z","2023-02-27T11:55:50.129515Z","1.16","0","2446","19","null","null","5d4119fc-humandsuperboy.csv","49","1618575700314959872","dsuperboy","Maaf, aku banyak tanya.","1010","3976","2023-01-26 11:44:53+00:00","2023-02-27T07:11:57.943070Z","2023-02-27T11:55:50.257164Z","50","1","0","0","0","0","null","19","1"
"2447","2272","1","Positive","hBA4YgkskH","sentiment","text","choices","manual","False","False","2023-02-27T11:55:52.314090Z","2023-02-27T11:55:52.314090Z","1.569","0","2447","19","null","null","5d4119fc-humandsuperboy.csv","50","1618507383650811904","dsuperboy","@tanyakanrl Rambutan. Ini rambutnya kamu cabutin satu satu nder.","6","1776","2023-01-26 07:13:25+00:00","2023-02-27T07:11:57.943070Z","2023-02-27T11:55:52.413492Z","51","1","0","0","0","0","null","19","1"
"2448","2273","1","Neutral","kon8EuPti4","sentiment","text","choices","manual","False","False","2023-02-27T11:55:55.031393Z","2023-02-27T11:55:55.031393Z","2.061","0","2448","19","null","null","5d4119fc-humandsuperboy.csv","51","1618464780846788608","dsuperboy","@Askrlfess 🥹","8","341","2023-01-26 04:24:08+00:00","2023-02-27T07:11:57.943070Z","2023-02-27T11:55:55.150840Z","52","1","0","0","0","0","null","19","1"
"2449","2274","1","Positive","l6FMzt3s3a","sentiment","text","choices","manual","False","False","2023-02-27T11:55:57.690130Z","2023-02-27T11:55:57.690130Z","2.043","0","2449","19","null","null","5d4119fc-humandsuperboy.csv","52","1618464717470826499","dsuperboy","Apakah kamu masih tertarik ikut organisasi kampus / komunitas seni?","26","895","2023-01-26 04:23:52+00:00","2023-02-27T07:11:57.943070Z","2023-02-27T11:55:57.793874Z","53","1","0","0","0","0","null","19","1"
"2450","2275","1","Negative","nIYt6N8GTw","sentiment","text","choices","manual","False","False","2023-02-27T11:55:59.800937Z","2023-02-27T11:55:59.800937Z","1.474","0","2450","19","null","null","5d4119fc-humandsuperboy.csv","53","1618341241640615936","dsuperboy","@convomf Lele kering / lele asap. Masaknya gampang, bisa pakai mejicom. Bumbunya cuma cabe + garam/ penyedap rasa +… https://t.co/xzZaiKfmj8","0","134","2023-01-25 20:13:13+00:00","2023-02-27T07:11:57.943070Z","2023-02-27T11:55:59.954063Z","54","1","0","0","0","0","null","19","1"
"2451","2276","1","Positive","0YDj8CvQdM","sentiment","text","choices","manual","False","False","2023-02-27T11:56:01.796979Z","2023-02-27T11:56:01.796979Z","1.325","0","2451","19","null","null","5d4119fc-humandsuperboy.csv","54","1618315201161596928","dsuperboy","Kamu belum tidur juga?","158","2010","2023-01-25 18:29:45+00:00","2023-02-27T07:11:57.943070Z","2023-02-27T11:56:01.889696Z","55","1","0","0","0","0","null","19","1"
"2452","2277","1","Negative","lC9Q9ClTfb","sentiment","text","choices","manual","False","False","2023-02-27T11:56:03.865332Z","2023-02-27T11:56:03.865332Z","1.339","0","2452","19","null","null","5d4119fc-humandsuperboy.csv","55","1618254728651247619","dsuperboy","Belajar demi mengisi masa mudamu sebaik-baiknya. Nikmati petualangan-petualangan terbaik dalam pikiranmu. Rayakan h… https://t.co/Z6OYlGcVuO","480","1894","2023-01-25 14:29:27+00:00","2023-02-27T07:11:57.943070Z","2023-02-27T11:56:03.997775Z","56","1","0","0","0","0","null","19","1"
"2453","2278","1","Negative","wL4js2hhZb","sentiment","text","choices","manual","False","False","2023-02-27T11:56:06.845939Z","2023-02-27T11:56:06.845939Z","2.303","0","2453","19","null","null","5d4119fc-humandsuperboy.csv","56","1618214044133109760","dsuperboy","terbit februari 2023. https://t.co/H2nyoXBkhj","513","2004","2023-01-25 11:47:47+00:00","2023-02-27T07:11:57.943070Z","2023-02-27T11:56:06.956514Z","57","1","0","0","0","0","null","19","1"
"2454","2279","1","Negative","dw3x1o2ZmZ","sentiment","text","choices","manual","False","False","2023-02-27T12:00:00.557807Z","2023-02-27T12:00:00.557807Z","233.068","0","2454","19","null","null","5d4119fc-humandsuperboy.csv","57","1618210390625906689","dsuperboy","@hadixalwi Trobos aja bangsat. Singkatnya, gitu kira-kira, pren.","1","15","2023-01-25 11:33:16+00:00","2023-02-27T07:11:57.943070Z","2023-02-27T12:00:00.654958Z","58","1","0","0","0","0","null","19","1"
"2455","2280","1","Positive","9f0t0wfxr5","sentiment","text","choices","manual","False","False","2023-02-27T12:00:04.874297Z","2023-02-27T12:00:04.874297Z","3.693","0","2455","19","null","null","5d4119fc-humandsuperboy.csv","58","1618204178257678336","dsuperboy","Aku akan tetap menikmati arus hidup ini, akan tetap mengejar yang aku mau, meski menurutmu semua ini sia-sia saja.","724","2529","2023-01-25 11:08:35+00:00","2023-02-27T07:11:57.954099Z","2023-02-27T12:00:04.994969Z","59","1","0","0","0","0","null","19","1"
"2456","2281","1","Negative","tiJ7fEACV4","sentiment","text","choices","manual","False","False","2023-02-27T12:00:07.392644Z","2023-02-27T12:00:07.392644Z","1.879","0","2456","19","null","null","5d4119fc-humandsuperboy.csv","59","1618200854506663938","dsuperboy","Untuk diriku; kita selalu punya alasan untuk meneruskan hidup ini. Jika pun suatu hari kamu merasa tidak punya alas… https://t.co/CXeptrSAlm","4206","8586","2023-01-25 10:55:23+00:00","2023-02-27T07:11:57.954099Z","2023-02-27T12:00:07.554382Z","60","1","0","0","0","0","null","19","1"
"2457","2282","1","Positive","ilT4O5Domi","sentiment","text","choices","manual","False","False","2023-02-27T12:00:51.692160Z","2023-02-27T12:00:51.692160Z","43.691","0","2457","19","null","null","5d4119fc-humandsuperboy.csv","60","1618197505317171201","dsuperboy","Sering bicara sama diri sendiri karena kadang hanya diri sendiri yang bisa jadi tempat bercerita hal-hal tertentu.","2368","6543","2023-01-25 10:42:04+00:00","2023-02-27T07:11:57.954099Z","2023-02-27T12:00:52.110234Z","61","1","0","0","0","0","null","19","1"
"2458","2283","1","Negative","CHuuJM18gn","sentiment","text","choices","manual","False","False","2023-02-27T12:00:54.945605Z","2023-02-27T12:00:54.945605Z","1.977","0","2458","19","null","null","5d4119fc-humandsuperboy.csv","61","1618194285412876288","dsuperboy","Ambil jeda beberapa saat dari hal-hal yang melelahkan itu. Beri jarak  sejenak agar tidak jadi racun dalam dirimu.… https://t.co/axJMrsJ0B6","837","2348","2023-01-25 10:29:16+00:00","2023-02-27T07:11:57.954099Z","2023-02-27T12:00:55.247611Z","62","1","0","0","0","0","null","19","1"
"2459","2284","1","Negative","_HAklFKRvN","sentiment","text","choices","manual","False","False","2023-02-27T12:00:57.546678Z","2023-02-27T12:00:57.546678Z","1.33","0","2459","19","null","null","5d4119fc-humandsuperboy.csv","62","1618119225553584129","dsuperboy","Masih kagum sama ikan ini. https://t.co/OJlCtB3Fkg","12","456","2023-01-25 05:31:01+00:00","2023-02-27T07:11:57.954099Z","2023-02-27T12:00:58.218602Z","63","1","0","0","0","0","null","19","1"
"2460","2285","1","Negative","j406uy8Tm0","sentiment","text","choices","manual","False","False","2023-02-27T12:01:00.761795Z","2023-02-27T12:01:00.761795Z","1.404","0","2460","19","null","null","5d4119fc-humandsuperboy.csv","63","1617927628392116225","dsuperboy","laporan terlambat dari lokasi kejadian. https://t.co/CcGuhHRAuZ","9","463","2023-01-24 16:49:40+00:00","2023-02-27T07:11:57.954099Z","2023-02-27T12:01:01.358826Z","64","1","0","0","0","0","null","19","1"
"2461","2286","1","Negative","ysyKMEznQG","sentiment","text","choices","manual","False","False","2023-02-27T12:01:04.483382Z","2023-02-27T12:01:04.483382Z","1.573","0","2461","19","null","null","5d4119fc-humandsuperboy.csv","64","1617817333439029251","dsuperboy","Di tempatmu ini namanya ikan apa? https://t.co/HxD9Sijhw7","23","860","2023-01-24 09:31:24+00:00","2023-02-27T07:11:57.954099Z","2023-02-27T12:01:05.764756Z","65","1","0","0","0","0","null","19","1"
"2462","2287","1","Negative","g2WWVzWFb4","sentiment","text","choices","manual","False","False","2023-02-27T12:01:09.247966Z","2023-02-27T12:01:09.247966Z","1.459","0","2462","19","null","null","5d4119fc-humandsuperboy.csv","65","1617769523066851328","dsuperboy","Laporan langsung dari tempat kejadian perkara: https://t.co/iddqrUSdzg","20","813","2023-01-24 06:21:25+00:00","2023-02-27T07:11:57.954099Z","2023-02-27T12:01:09.419088Z","66","1","0","0","0","0","null","19","1"
"2463","2288","1","Positive","fu3tkJWCeC","sentiment","text","choices","manual","False","False","2023-02-27T12:01:11.266674Z","2023-02-27T12:01:11.266674Z","1.419","0","2463","19","null","null","5d4119fc-humandsuperboy.csv","66","1617370378804002818","dsuperboy","Orang Indonesia emang ajaib. Diomelin live mandi lumpur, sekarang malah pada live mandi bola wqwqwqq bangsat ada-ada aja 🤣","335","4784","2023-01-23 03:55:22+00:00","2023-02-27T07:11:57.954099Z","2023-02-27T12:01:11.403375Z","67","1","0","0","0","0","null","19","1"
"2464","2289","1","Positive","LMM9nEOQip","sentiment","text","choices","manual","False","False","2023-02-27T12:01:12.919075Z","2023-02-27T12:01:12.919075Z","1.042","0","2464","19","null","null","5d4119fc-humandsuperboy.csv","67","1617249183995670528","dsuperboy","Menunggu batrai hape habis, menunggu overthinking reda.","471","2965","2023-01-22 19:53:47+00:00","2023-02-27T07:11:57.954099Z","2023-02-27T12:01:13.040307Z","68","1","0","0","0","0","null","19","1"
"2465","2290","1","Negative","VuL4e2NlmP","sentiment","text","choices","manual","False","False","2023-02-27T12:01:14.695522Z","2023-02-27T12:01:14.695522Z","1.212","0","2465","19","null","null","5d4119fc-humandsuperboy.csv","68","1617248437225017345","dsuperboy","Selama ini yang ngedukungmu kan juga orang-orang asing. Apa yang kamu bikin, karya-karyamu diapresiasi orang asing.… https://t.co/cT5m27suHB","108","1217","2023-01-22 19:50:49+00:00","2023-02-27T07:11:57.954099Z","2023-02-27T12:01:14.822815Z","69","1","0","0","0","0","null","19","1"
"2466","2291","1","Negative","KSPhKDDgdd","sentiment","text","choices","manual","False","False","2023-02-27T12:01:16.593619Z","2023-02-27T12:01:16.593619Z","1.286","0","2466","19","null","null","5d4119fc-humandsuperboy.csv","69","1617146946183131138","dsuperboy","Sudah lama tidak, sudah saatnya diulang. https://t.co/OwoNH5mCMJ","4","213","2023-01-22 13:07:31+00:00","2023-02-27T07:11:57.954099Z","2023-02-27T12:01:16.734851Z","70","1","0","0","0","0","null","19","1"
"2467","2292","1","Positive","KhoIVGl0Vd","sentiment","text","choices","manual","False","False","2023-02-27T12:01:19.482712Z","2023-02-27T12:01:19.482712Z","2.254","0","2467","19","null","null","5d4119fc-humandsuperboy.csv","70","1617124335583637505","dsuperboy","Sudah lama tidak memancing ikan. Besok akan pergi memancing ikan dan semoga dapat banyak.","20","723","2023-01-22 11:37:40+00:00","2023-02-27T07:11:57.954099Z","2023-02-27T12:01:19.586581Z","71","1","0","0","0","0","null","19","1"
"2468","2293","1","Positive","CUgSratkwA","sentiment","text","choices","manual","False","False","2023-02-27T12:01:20.971260Z","2023-02-27T12:01:20.971260Z","0.978","0","2468","19","null","null","5d4119fc-humandsuperboy.csv","71","1616795275926073350","dsuperboy","Makin dewasa kadang bekerja bukan soal mengikuti suasana hati, tapi bekerja karena tahu diri.","1391","5282","2023-01-21 13:50:07+00:00","2023-02-27T07:11:57.954099Z","2023-02-27T12:01:21.094385Z","72","1","0","0","0","0","null","19","1"
"2469","2294","1","Positive","RAz5AXAvsT","sentiment","text","choices","manual","False","False","2023-02-27T12:01:23.552326Z","2023-02-27T12:01:23.556324Z","2.088","0","2469","19","null","null","5d4119fc-humandsuperboy.csv","72","1616739520141221889","dsuperboy","Sampai kapan sembunyi dengan topeng orang asing?","456","3882","2023-01-21 10:08:33+00:00","2023-02-27T07:11:57.954099Z","2023-02-27T12:01:23.658570Z","73","1","0","0","0","0","null","19","1"
"2470","2295","1","Positive","Onterx7lMS","sentiment","text","choices","manual","False","False","2023-02-27T12:01:25.434289Z","2023-02-27T12:01:25.434289Z","1.376","0","2470","19","null","null","5d4119fc-humandsuperboy.csv","73","1616708927634444289","dsuperboy","@tanyarlfes Nder, lepasin cowok itu. Dia berhak bahagia tanpa kamu.","161","2869","2023-01-21 08:07:00+00:00","2023-02-27T07:11:57.954099Z","2023-02-27T12:01:25.570323Z","74","1","0","0","0","0","null","19","1"
"2471","2296","1","Positive","k9i1bc0VnK","sentiment","text","choices","manual","False","False","2023-02-27T12:01:27.668277Z","2023-02-27T12:01:27.668277Z","1.474","0","2471","19","null","null","5d4119fc-humandsuperboy.csv","74","1616707565936857092","dsuperboy","Kamu kangen ya sama dirimu sendiri?","12986","44834","2023-01-21 08:01:35+00:00","2023-02-27T07:11:57.954099Z","2023-02-27T12:01:27.797651Z","75","1","0","0","0","0","null","19","1"
"2472","2297","1","Negative","Qpzvr15eZy","sentiment","text","choices","manual","False","False","2023-02-27T12:01:29.780199Z","2023-02-27T12:01:29.780199Z","1.472","0","2472","19","null","null","5d4119fc-humandsuperboy.csv","75","1616427292863115264","dsuperboy","setiap malam \nkau tidur di kasur\ntapi kau selalu\nmerasa tenggelam\n\nkau merasa kasur\nmenelanmu bulat\nkau merasa warn… https://t.co/3OFsMlWl1S","175","1443","2023-01-20 13:27:53+00:00","2023-02-27T07:11:57.954099Z","2023-02-27T12:01:29.921100Z","76","1","0","0","0","0","null","19","1"
"2473","2298","1","Negative","3GMOsdHqk1","sentiment","text","choices","manual","False","False","2023-02-27T12:01:31.776176Z","2023-02-27T12:01:31.776176Z","1.332","0","2473","19","null","null","5d4119fc-humandsuperboy.csv","76","1616400801555173382","dsuperboy","https://t.co/7gw9w5KGG7","1401","6884","2023-01-20 11:42:37+00:00","2023-02-27T07:11:57.954099Z","2023-02-27T12:01:31.913165Z","77","1","0","0","0","0","null","19","1"
"2474","2299","1","Positive","apIeiL4_ny","sentiment","text","choices","manual","False","False","2023-02-27T12:01:34.521489Z","2023-02-27T12:01:34.521489Z","2.232","0","2474","19","null","null","5d4119fc-humandsuperboy.csv","77","1616380837515382785","dsuperboy","Sebatas sayang lalu menghilang. Seolah memiliki padahal hanya ilusi.","1077","4782","2023-01-20 10:23:17+00:00","2023-02-27T07:11:57.954099Z","2023-02-27T12:01:34.663072Z","78","1","0","0","0","0","null","19","1"
"2475","2300","1","Positive","X0jlFnD3_G","sentiment","text","choices","manual","False","False","2023-02-27T12:01:36.844453Z","2023-02-27T12:01:36.844453Z","1.763","0","2475","19","null","null","5d4119fc-humandsuperboy.csv","78","1616176338041475074","dsuperboy","Tidurlah. Udah mau pagi.","290","2769","2023-01-19 20:50:40+00:00","2023-02-27T07:11:57.954099Z","2023-02-27T12:01:36.980571Z","79","1","0","0","0","0","null","19","1"
"2476","2301","1","Positive","vtzAX6BcPF","sentiment","text","choices","manual","False","False","2023-02-27T12:01:38.738007Z","2023-02-27T12:01:38.738007Z","1.247","0","2476","19","null","null","5d4119fc-humandsuperboy.csv","79","1616163970754449408","dsuperboy","Menggeser jam kerja ke larut malam biar bisa tidur pagi.","61","867","2023-01-19 20:01:32+00:00","2023-02-27T07:11:57.954099Z","2023-02-27T12:01:38.881966Z","80","1","0","0","0","0","null","19","1"
"2477","2302","1","Neutral","FXtr1GyE_j","sentiment","text","choices","manual","False","False","2023-02-27T12:01:44.666026Z","2023-02-27T12:01:44.666026Z","5.343","0","2477","19","null","null","5d4119fc-humandsuperboy.csv","80","1616125370331459584","dsuperboy","@tvkang_baper 🫣","1","73","2023-01-19 17:28:09+00:00","2023-02-27T07:11:57.954099Z","2023-02-27T12:01:44.791433Z","81","1","0","0","0","0","null","19","1"
"2478","2303","1","Negative","Dqgy5jfolQ","sentiment","text","choices","manual","False","False","2023-02-27T12:01:46.825161Z","2023-02-27T12:01:46.825161Z","1.554","0","2478","19","null","null","5d4119fc-humandsuperboy.csv","81","1616117877899407361","dsuperboy","Kau mungkin bisa menciptakan atap dan tembok untuk menghentikan laju air. Tapi kau tidak pernah bisa menghilangkan… https://t.co/jbXjNwmVSb","273","1548","2023-01-19 16:58:22+00:00","2023-02-27T07:11:57.954099Z","2023-02-27T12:01:46.955475Z","82","1","0","0","0","0","null","19","1"
"2479","2304","1","Negative","_o592igT1h","sentiment","text","choices","manual","False","False","2023-02-27T12:01:49.543892Z","2023-02-27T12:01:49.543892Z","2.175","0","2479","19","null","null","5d4119fc-humandsuperboy.csv","82","1616027426081107968","dsuperboy","Bahkan yang mandi lumpur juga diundang ke televisi nasional. Apa yang mau diharapkan dari fenomena ini di televisi?… https://t.co/lijALG0VEQ","24","340","2023-01-19 10:58:57+00:00","2023-02-27T07:11:57.954099Z","2023-02-27T12:01:49.632844Z","83","1","0","0","0","0","null","19","1"
"2480","2305","1","Negative","CZ61qoU-MB","sentiment","text","choices","manual","False","False","2023-02-27T12:01:51.273813Z","2023-02-27T12:01:51.273813Z","1.24","0","2480","19","null","null","5d4119fc-humandsuperboy.csv","83","1616026666433933312","dsuperboy","Yang bisa menegur platform itu ya pemerintah. Seperti yang pernah dilakukan sebelumnya dan cukup efektif. Mereka pu… https://t.co/z5UMZgq4oZ","11","304","2023-01-19 10:55:56+00:00","2023-02-27T07:11:57.954099Z","2023-02-27T12:01:51.409165Z","84","1","0","0","0","0","null","19","1"
"2481","2306","1","Negative","GdHZO3T_zk","sentiment","text","choices","manual","False","False","2023-02-27T12:01:53.104995Z","2023-02-27T12:01:53.104995Z","1.144","0","2481","19","null","null","5d4119fc-humandsuperboy.csv","84","1616025626699517953","dsuperboy","Aplikasi yang menyediakan dan membiarkan konten live mandi lumpur di platformnya, berarti sengaja membiarkan hal it… https://t.co/ZoEMOjRD3s","56","797","2023-01-19 10:51:48+00:00","2023-02-27T07:11:57.954099Z","2023-02-27T12:01:53.243106Z","85","1","0","0","0","0","null","19","1"
"2482","2307","1","Positive","eCC0BMn9OP","sentiment","text","choices","manual","False","False","2023-02-27T12:02:03.326981Z","2023-02-27T12:02:03.326981Z","9.566","0","2482","19","null","null","5d4119fc-humandsuperboy.csv","85","1615765731685306370","dsuperboy","@idakrswr_ No debat","0","12","2023-01-18 17:39:04+00:00","2023-02-27T07:11:57.954099Z","2023-02-27T12:02:03.445887Z","86","1","0","0","0","0","null","19","1"
"2483","2308","1","Negative","TGZseF5pGx","sentiment","text","choices","manual","False","False","2023-02-27T12:02:05.200931Z","2023-02-27T12:02:05.200931Z","1.197","0","2483","19","null","null","5d4119fc-humandsuperboy.csv","86","1615765378898219010","dsuperboy","@milkychocollate https://t.co/zaBFbXZCXh","1","88","2023-01-18 17:37:40+00:00","2023-02-27T07:11:57.954099Z","2023-02-27T12:02:05.302439Z","87","1","0","0","0","0","null","19","1"
"2484","2309","1","Positive","MKbWj61XS7","sentiment","text","choices","manual","False","False","2023-02-27T12:02:07.353244Z","2023-02-27T12:02:07.353244Z","1.58","0","2484","19","null","null","5d4119fc-humandsuperboy.csv","87","1615764984784637952","dsuperboy","Semua gorengan bisa dimakan pakai nasi. No debat.","481","5566","2023-01-18 17:36:06+00:00","2023-02-27T07:11:57.954099Z","2023-02-27T12:02:07.434641Z","88","1","0","0","0","0","null","19","1"
"2485","2310","1","Negative","C4TdsKMMT9","sentiment","text","choices","manual","False","False","2023-02-27T12:02:09.252567Z","2023-02-27T12:02:09.252567Z","1.222","0","2485","19","null","null","5d4119fc-humandsuperboy.csv","88","1615738641829236741","dsuperboy","Menu rangkap. https://t.co/9IlyS0fOSX","24","1169","2023-01-18 15:51:25+00:00","2023-02-27T07:11:57.954099Z","2023-02-27T12:02:09.356072Z","89","1","0","0","0","0","null","19","1"
"2486","2311","1","Negative","9SXoWcKfY3","sentiment","text","choices","manual","False","False","2023-02-27T12:02:11.477173Z","2023-02-27T12:02:11.478284Z","1.594","0","2486","19","null","null","5d4119fc-humandsuperboy.csv","89","1615705517913169920","dsuperboy","Selamat buat yang sudah masuk tahap dewasa mulai tidak meminta uang orangtua lagi. Selamat menikmati hidup dari aro… https://t.co/g5DVpLIDNt","2587","9101","2023-01-18 13:39:48+00:00","2023-02-27T07:11:57.954099Z","2023-02-27T12:02:11.600257Z","90","1","0","0","0","0","null","19","1"
"2487","2312","1","Positive","H7yLu7azHG","sentiment","text","choices","manual","False","False","2023-02-27T12:02:13.814431Z","2023-02-27T12:02:13.814431Z","1.708","0","2487","19","null","null","5d4119fc-humandsuperboy.csv","90","1615704389595074560","dsuperboy","Selain jadi fotografer pribadi, sekarang tugas cowok nambah lagi, jadi cctv pribadi. Ini siapa yang bikin trend sih.","40","761","2023-01-18 13:35:19+00:00","2023-02-27T07:11:57.954099Z","2023-02-27T12:02:13.970614Z","91","1","0","0","0","0","null","19","1"
"2488","2313","1","Positive","CnWEvs8YC4","sentiment","text","choices","manual","False","False","2023-02-27T12:02:16.725770Z","2023-02-27T12:02:16.725770Z","2.199","0","2488","19","null","null","5d4119fc-humandsuperboy.csv","91","1615700630840176640","dsuperboy","""Namamu Bahagia kan?\n""Iya, kenapa?""\n""Itulah alasan kupilih kamu.""\n""Tapi nama panjangku masih ada.""\n""Apa?""\n""Bahagia Jika Tidak Denganmu.""","184","1658","2023-01-18 13:20:23+00:00","2023-02-27T07:11:57.954099Z","2023-02-27T12:02:16.866093Z","92","1","0","0","0","0","null","19","1"
"2489","2314","1","Positive","VfGi3ZYgEo","sentiment","text","choices","manual","False","False","2023-02-27T12:02:19.354193Z","2023-02-27T12:02:19.354193Z","1.857","0","2489","19","null","null","5d4119fc-humandsuperboy.csv","92","1615698010809438208","dsuperboy","Tidak semua nasihat di internet cocok untukmu. Pilih-pilih juga lah. Biar nggak makin stress.","608","2710","2023-01-18 13:09:58+00:00","2023-02-27T07:11:57.954099Z","2023-02-27T12:02:19.508825Z","93","1","0","0","0","0","null","19","1"
"2490","2315","1","Negative","8mEq4sBRV9","sentiment","text","choices","manual","False","False","2023-02-27T12:02:21.468352Z","2023-02-27T12:02:21.468352Z","1.355","0","2490","19","null","null","5d4119fc-humandsuperboy.csv","93","1615676212663447553","dsuperboy","Kita yang paling tahu siapa diri kita itu harus dimulai dengan sadar diri dulu. Kalau enggak sadar diri, biasanya k… https://t.co/AwIuzZgLRT","739","2528","2023-01-18 11:43:21+00:00","2023-02-27T07:11:57.954099Z","2023-02-27T12:02:21.564843Z","94","1","0","0","0","0","null","19","1"
"2491","2316","1","Positive","0rVsoxErZq","sentiment","text","choices","manual","False","False","2023-02-27T12:29:14.170310Z","2023-02-27T12:29:14.170310Z","3.119","0","2491","19","null","null","5d4119fc-humandsuperboy.csv","94","1615656400889192450","dsuperboy","Kayaknya semut ngerti deh apa yang aku omongin.","312","2366","2023-01-18 10:24:38+00:00","2023-02-27T07:11:57.954099Z","2023-02-27T12:29:14.271247Z","95","1","0","0","0","0","null","19","1"
"2492","2317","1","Positive","JwQmcw0Iel","sentiment","text","choices","manual","False","False","2023-02-27T12:29:17.364223Z","2023-02-27T12:29:17.364223Z","2.594","0","2492","19","null","null","5d4119fc-humandsuperboy.csv","95","1615628201375731713","dsuperboy","~ Kamu mau nggak hidup susah sama aku?\n\n+ Nggak. Kamu aja sendiri. Aku udah alumni.","596","2952","2023-01-18 08:32:34+00:00","2023-02-27T07:11:57.954099Z","2023-02-27T12:29:17.491999Z","96","1","0","0","0","0","null","19","1"
"2493","2318","1","Positive","hvMWVLhoxw","sentiment","text","choices","manual","False","False","2023-02-27T12:29:19.046442Z","2023-02-27T12:29:19.046442Z","1.009","0","2493","19","null","null","5d4119fc-humandsuperboy.csv","96","1615624885971324928","dsuperboy","~ Mau nggak hidup susah sama aku?\n\n+ Nggak, dari dulu udah hidup susah soalnya. Masa susah terus?","243","1289","2023-01-18 08:19:24+00:00","2023-02-27T07:11:57.954099Z","2023-02-27T12:29:19.197412Z","97","1","0","0","0","0","null","19","1"
"2494","2319","1","Positive","bpKcsv2k7c","sentiment","text","choices","manual","False","False","2023-02-27T12:43:54.162024Z","2023-02-27T12:51:04.366901Z","31.602999999999998","0","2494","19","null","null","5d4119fc-humandsuperboy.csv","97","1615620998983999488","dsuperboy","Terima kasih kreator tutorial di youtube. Jasamu abadi.","30","515","2023-01-18 08:03:57+00:00","2023-02-27T07:11:57.954099Z","2023-02-27T12:51:04.490260Z","98","1","0","0","0","0","null","19","1"
"2495","2320","1","Neutral","ZZdIBt3phN","sentiment","text","choices","manual","False","False","2023-02-27T12:43:56.955967Z","2023-02-27T12:43:56.955967Z","2.087","0","2495","19","null","null","5d4119fc-humandsuperboy.csv","98","1615618553666994176","dsuperboy","@tanyakanrl 🐇","3","278","2023-01-18 07:54:14+00:00","2023-02-27T07:11:57.958617Z","2023-02-27T12:43:57.058716Z","99","1","0","0","0","0","null","19","1"
"2496","2321","1","Positive","SIpJarfvHY","sentiment","text","choices","manual","False","False","2023-02-27T12:43:59.280186Z","2023-02-27T12:43:59.280186Z","1.776","0","2496","19","null","null","5d4119fc-humandsuperboy.csv","99","1615447021997158401","dsuperboy","Ngapain sih orang-orang dini hari malah mikirin impian? Aneh banget. Bukannya tidur, malah mikir. Nggak bosan apa.","162","1685","2023-01-17 20:32:38+00:00","2023-02-27T07:11:57.958617Z","2023-02-27T12:43:59.378709Z","100","1","0","0","0","0","null","19","1"
"2497","2322","1","Negative","7qXa6nrO9V","sentiment","text","choices","manual","False","False","2023-02-27T12:44:01.439897Z","2023-02-27T12:44:01.439897Z","1.603","0","2497","19","null","null","5d4119fc-humandsuperboy.csv","100","1615360973518573574","dsuperboy","@tanyakanrl Kalau saat ini kayaknya enggak dulu sih. Karena lagi capek sama banyak hal. Belum siap merespons hal-ha… https://t.co/9LPf9BCEMs","100","1126","2023-01-17 14:50:42+00:00","2023-02-27T07:11:57.958617Z","2023-02-27T12:44:01.538957Z","101","1","0","0","0","0","null","19","1"
"2498","2323","1","Negative","8UYIL_NHyZ","sentiment","text","choices","manual","False","False","2023-02-27T12:44:03.840932Z","2023-02-27T12:44:03.840932Z","1.886","0","2498","19","null","null","5d4119fc-humandsuperboy.csv","101","1615359062539137024","dsuperboy","@sayurnuss S1 gue kuliah sambil kerja (ditambah biaya orangtua), kuliah lanjutannya, gue kuliah dengan biaya sendir… https://t.co/glAJ6isN2b","0","9","2023-01-17 14:43:07+00:00","2023-02-27T07:11:57.958617Z","2023-02-27T12:44:03.939965Z","102","1","0","0","0","0","null","19","1"
"2499","2324","1","Positive","LJDjlD0E1B","sentiment","text","choices","manual","False","False","2023-02-27T12:44:11.740152Z","2023-02-27T12:44:11.740152Z","7.358","0","2499","19","null","null","5d4119fc-humandsuperboy.csv","102","1615357423187038209","dsuperboy","Uang memang penting, tapi melakukan pekerjaan yang memang kau cintai adalah nikmat hidup.","814","3241","2023-01-17 14:36:36+00:00","2023-02-27T07:11:57.958617Z","2023-02-27T12:44:11.841360Z","103","1","0","0","0","0","null","19","1"
"2500","2325","1","Positive","7fL7ItEmK2","sentiment","text","choices","manual","False","False","2023-02-27T12:44:14.792253Z","2023-02-27T12:44:14.792253Z","2.558","0","2500","19","null","null","5d4119fc-humandsuperboy.csv","103","1615330159854485504","dsuperboy","Coba bantu jawab.","1","33","2023-01-17 12:48:16+00:00","2023-02-27T07:11:57.958617Z","2023-02-27T12:44:14.939655Z","104","1","0","0","0","0","null","19","1"
"2501","2326","1","Negative","Hchx5IkLB5","sentiment","text","choices","manual","False","False","2023-02-27T12:44:16.692574Z","2023-02-27T12:44:16.692574Z","1.269","0","2501","19","null","null","5d4119fc-humandsuperboy.csv","104","1615330062441775107","dsuperboy","Kamu masih suka pakai pin peniti seperti ini kah? https://t.co/n8a1Dwc9CA","6","165","2023-01-17 12:47:52+00:00","2023-02-27T07:11:57.958617Z","2023-02-27T12:44:16.794379Z","105","1","0","0","0","0","null","19","1"
"2502","2327","1","Neutral","rM0htY3FpY","sentiment","text","choices","manual","False","False","2023-02-27T12:44:19.169291Z","2023-02-27T12:44:19.169291Z","1.716","0","2502","19","null","null","5d4119fc-humandsuperboy.csv","105","1615310004218920961","dsuperboy","@merdisupergiant 🙏🏻","0","0","2023-01-17 11:28:10+00:00","2023-02-27T07:11:57.958617Z","2023-02-27T12:44:19.295445Z","106","1","0","0","0","0","null","19","1"
"2503","2328","1","Negative","TEtu_FJ9wC","sentiment","text","choices","manual","False","False","2023-02-27T12:44:20.843656Z","2023-02-27T12:44:20.843656Z","1.143","0","2503","19","null","null","5d4119fc-humandsuperboy.csv","106","1615298875644055553","dsuperboy","Kalau yakin kamu adalah penulis yang patut diperhitungkan. Kamu yakin kamu adalah penulis yang layak diapresiasi. T… https://t.co/vDGAYtl5vt","46","371","2023-01-17 10:43:57+00:00","2023-02-27T07:11:57.958617Z","2023-02-27T12:44:20.991097Z","107","1","0","0","0","0","null","19","1"
"2504","2329","1","Negative","QTQ_LYiT51","sentiment","text","choices","manual","False","False","2023-02-27T12:44:22.561296Z","2023-02-27T12:44:22.561296Z","1.04","0","2504","19","null","null","5d4119fc-humandsuperboy.csv","107","1615298256967467008","dsuperboy","Tidak perlu ribut hanya karena ada fenomena buku yang menurutmu nggak seleramu tapi terbit. Di industri kita hal be… https://t.co/BIXVfYacz6","14","279","2023-01-17 10:41:29+00:00","2023-02-27T07:11:57.958617Z","2023-02-27T12:44:22.708992Z","108","1","0","0","0","0","null","19","1"
"2505","2330","1","Negative","Br1ZwfXnDW","sentiment","text","choices","manual","False","False","2023-02-27T12:44:24.444336Z","2023-02-27T12:44:24.444336Z","1.138","0","2505","19","null","null","5d4119fc-humandsuperboy.csv","108","1615293667010572288","dsuperboy","Pembaca hari ini tidak semua punya waktu untuk menemukanmu. Terlalu deras arus informasi setiap  hari. Kalau kamu —… https://t.co/y1OhuuezT2","18","247","2023-01-17 10:23:15+00:00","2023-02-27T07:11:57.958617Z","2023-02-27T12:44:24.549068Z","109","1","0","0","0","0","null","19","1"
"2506","2331","1","Negative","SOiqVxifNI","sentiment","text","choices","manual","False","False","2023-02-27T12:44:25.979015Z","2023-02-27T12:44:25.979015Z","0.906","0","2506","19","null","null","5d4119fc-humandsuperboy.csv","109","1615293094123167744","dsuperboy","Kalau mentok diperdebatan sastra vs bukan sastra. Puisi vs bukan puisi. Dunia akan bergerak terus. Pilihan hiburan… https://t.co/dfX6C02V0r","10","196","2023-01-17 10:20:58+00:00","2023-02-27T07:11:57.958617Z","2023-02-27T12:44:26.144503Z","110","1","0","0","0","0","null","19","1"
"2507","2332","1","Negative","DrGHRHgc3J","sentiment","text","choices","manual","False","False","2023-02-27T12:44:27.645956Z","2023-02-27T12:44:27.646976Z","0.922","0","2507","19","null","null","5d4119fc-humandsuperboy.csv","110","1615292484485255168","dsuperboy","Tantangan buku hari ini bukan hanya buku lain, penulis lain, genre lain, sastra vs bukan sastra. Tantangan buku har… https://t.co/2rDihJJi75","9","162","2023-01-17 10:18:33+00:00","2023-02-27T07:11:57.958617Z","2023-02-27T12:44:27.766324Z","111","1","0","0","0","0","null","19","1"
"2508","2333","1","Negative","Hd8wrE3RTU","sentiment","text","choices","manual","False","False","2023-02-27T12:44:29.257359Z","2023-02-27T12:44:29.257359Z","0.967","0","2508","19","null","null","5d4119fc-humandsuperboy.csv","111","1615292062651543552","dsuperboy","Jadi penulis di Indonesia emang harus pandai-pandai mengelola rasa kecewa, kalau enggak, ya kecewa mulu sama indust… https://t.co/znjjJkFzz0","19","213","2023-01-17 10:16:53+00:00","2023-02-27T07:11:57.958617Z","2023-02-27T12:44:29.365558Z","112","1","0","0","0","0","null","19","1"
"2509","2334","1","Negative","8VDc0ZQBdz","sentiment","text","choices","manual","False","False","2023-02-27T12:44:30.843735Z","2023-02-27T12:44:30.843735Z","0.919","0","2509","19","null","null","5d4119fc-humandsuperboy.csv","112","1615278436272209920","dsuperboy","Syarat pertama jadi penulis: kamu harus cinta banget sama pekerjaanmu. Kalau enggak, kamu akan capek banget. Energi… https://t.co/xyUu8xCFkQ","52","490","2023-01-17 09:22:44+00:00","2023-02-27T07:11:57.958617Z","2023-02-27T12:44:30.935621Z","113","1","0","0","0","0","null","19","1"
"2510","2335","1","Negative","3H26-AafnB","sentiment","text","choices","manual","False","False","2023-02-27T12:44:32.464512Z","2023-02-27T12:44:32.464512Z","0.845","0","2510","19","null","null","5d4119fc-humandsuperboy.csv","113","1615276204520800261","dsuperboy","Dunia kepenulisan itu emang keras. Kadang emang nggak masuk akal. Kalau emang nggak kuat sama kenyataan-kenyataan y… https://t.co/5sfb6fX7PR","21","344","2023-01-17 09:13:52+00:00","2023-02-27T07:11:57.958617Z","2023-02-27T12:44:32.596505Z","114","1","0","0","0","0","null","19","1"
"2511","2336","1","Positive","EHk8zLtiau","sentiment","text","choices","manual","False","False","2023-02-27T12:44:34.562561Z","2023-02-27T12:44:34.562561Z","1.37","0","2511","19","null","null","5d4119fc-humandsuperboy.csv","114","1615271652954365953","dsuperboy","Ada saatnya serius. Ada saatnya becanda. Ada saatnya menghindar. Ada saatnya trobos ajalah, bodoamat.","2370","7377","2023-01-17 08:55:47+00:00","2023-02-27T07:11:57.958617Z","2023-02-27T12:44:34.718080Z","115","1","0","0","0","0","null","19","1"
"2512","2337","1","Positive","xAj7Uo_-T6","sentiment","text","choices","manual","False","False","2023-02-27T12:44:37.081547Z","2023-02-27T12:44:37.081547Z","1.79","0","2512","19","null","null","5d4119fc-humandsuperboy.csv","115","1615267964470833153","dsuperboy","@tanyakanrl Sesekali coba tukar posisi aja. :)","77","1232","2023-01-17 08:41:07+00:00","2023-02-27T07:11:57.958617Z","2023-02-27T12:44:37.192079Z","116","1","0","0","0","0","null","19","1"
"2513","2338","1","Negative","F4zraePyeA","sentiment","text","choices","manual","False","False","2023-02-27T12:44:41.614076Z","2023-02-27T12:44:41.614076Z","3.962","0","2513","19","null","null","5d4119fc-humandsuperboy.csv","116","1615266863994507264","dsuperboy","Diingatin buat nabung, kamu malah lawan dengan kata sedekah. Seolah orang nabung nggak lagi bersedekah. Padahal, na… https://t.co/y5NShfUFIv","84","541","2023-01-17 08:36:45+00:00","2023-02-27T07:11:57.964194Z","2023-02-27T12:44:41.753666Z","117","1","0","0","0","0","null","19","1"
"2514","2339","1","Positive","xXFmjb9fdZ","sentiment","text","choices","manual","False","False","2023-02-27T12:44:43.314432Z","2023-02-27T12:44:43.314432Z","0.997","0","2514","19","null","null","5d4119fc-humandsuperboy.csv","117","1615246713736032256","dsuperboy","Sebetulnya aku tuh selalu bangun pagi, tapi pemanasan dulu sampai siang, sadarnya baru siang hari.","255","1409","2023-01-17 07:16:41+00:00","2023-02-27T07:11:57.964194Z","2023-02-27T12:44:43.488693Z","118","1","0","0","0","0","null","19","1"
"2515","2340","1","Positive","eBp7KV6FjG","sentiment","text","choices","manual","False","False","2023-02-27T12:44:45.223397Z","2023-02-27T12:44:45.223397Z","1.18","0","2515","19","null","null","5d4119fc-humandsuperboy.csv","118","1615246399129686016","dsuperboy","@rrrrrruto Ya juga ya","0","0","2023-01-17 07:15:26+00:00","2023-02-27T07:11:57.964194Z","2023-02-27T12:44:45.362541Z","119","1","0","0","0","0","null","19","1"
"2516","2341","1","Positive","hLNpvWcDah","sentiment","text","choices","manual","False","False","2023-02-27T12:44:46.986252Z","2023-02-27T12:44:46.986252Z","1.03","0","2516","19","null","null","5d4119fc-humandsuperboy.csv","119","1615231466052669440","dsuperboy","Halo, diriku. Kenapa bangun siang lagi sih?","104","1122","2023-01-17 06:16:05+00:00","2023-02-27T07:11:57.964194Z","2023-02-27T12:44:47.093350Z","120","1","0","0","0","0","null","19","1"
"2517","2342","1","Positive","9mA-aAmdZX","sentiment","text","choices","manual","False","False","2023-02-27T12:44:48.858308Z","2023-02-27T12:44:48.858308Z","1.226","0","2517","19","null","null","5d4119fc-humandsuperboy.csv","120","1615031741814804482","dsuperboy","Makin tua ambisi makin kurang tapi kebutuhan makin banyak. Alasan yang cukup buat kamu selagi muda kerja keras dan nabung.","296","1386","2023-01-16 17:02:27+00:00","2023-02-27T07:11:57.964194Z","2023-02-27T12:44:48.970400Z","121","1","0","0","0","0","null","19","1"
"2518","2343","1","Positive","JWnBG2harG","sentiment","text","choices","manual","False","False","2023-02-27T12:44:50.770537Z","2023-02-27T12:44:50.770537Z","1.311","0","2518","19","null","null","5d4119fc-humandsuperboy.csv","121","1615023796590882823","dsuperboy","Pulang-pulang capek.","1330","5366","2023-01-16 16:30:53+00:00","2023-02-27T07:11:57.964194Z","2023-02-27T12:44:50.877730Z","122","1","0","0","0","0","null","19","1"
"2519","2344","1","Positive","5nbZhTs6NT","sentiment","text","choices","manual","False","False","2023-02-27T12:44:54.879676Z","2023-02-27T12:44:54.879676Z","3.5","0","2519","19","null","null","5d4119fc-humandsuperboy.csv","122","1614969746944069633","dsuperboy","@Askrlfess Aku masih 19 tahun ternyata 🥲","54","627","2023-01-16 12:56:07+00:00","2023-02-27T07:11:57.964194Z","2023-02-27T12:44:55.025291Z","123","1","0","0","0","0","null","19","1"
"2520","2345","1","Positive","PsY3Za0wf8","sentiment","text","choices","manual","False","False","2023-02-27T12:44:56.559981Z","2023-02-27T12:44:56.559981Z","0.971","0","2520","19","null","null","5d4119fc-humandsuperboy.csv","123","1614962882650976256","dsuperboy","Pernah merasa sama dalam banyak hal sampai akhirnya sadar kita hanya merasa sama, tidak benar-benar sama.","432","2293","2023-01-16 12:28:50+00:00","2023-02-27T07:11:57.964194Z","2023-02-27T12:44:56.685565Z","124","1","0","0","0","0","null","19","1"
"2521","2346","1","Negative","jDHZ5IZuTl","sentiment","text","choices","manual","False","False","2023-02-27T12:44:58.619373Z","2023-02-27T12:44:58.619373Z","1.418","0","2521","19","null","null","5d4119fc-humandsuperboy.csv","124","1614885354519289858","dsuperboy","Kamu selalu merasa lebih besar dibanding yang lain. Kamu mengenal mereka dengan baik, sementara mereka tidak mengen… https://t.co/AOD0dakn8F","135","967","2023-01-16 07:20:46+00:00","2023-02-27T07:11:57.964194Z","2023-02-27T12:44:58.743983Z","125","1","0","0","0","0","null","19","1"
"2522","2347","1","Positive","fszX4vnoF8","sentiment","text","choices","manual","False","False","2023-02-27T12:45:12.872791Z","2023-02-27T12:45:12.872791Z","13.568","0","2522","19","null","null","5d4119fc-humandsuperboy.csv","125","1614721653585637376","dsuperboy","Kalau kamu diberi kesempatan hidup di semesta lain, kamu ingin hidup sebagai apa?","634","8945","2023-01-15 20:30:16+00:00","2023-02-27T07:11:57.964194Z","2023-02-27T12:45:13.025164Z","126","1","0","0","0","0","null","19","1"
"2523","2348","1","Positive","jRYi4zzN81","sentiment","text","choices","manual","False","False","2023-02-27T12:45:23.679734Z","2023-02-27T12:45:23.679734Z","10.023","0","2523","19","null","null","5d4119fc-humandsuperboy.csv","126","1614720447857446914","dsuperboy","Bukannya tidur malah mikirin kehidupan di semesta lain. Aneh banget jadi orang.","304","1665","2023-01-15 20:25:29+00:00","2023-02-27T07:11:57.964194Z","2023-02-27T12:45:23.783874Z","127","1","0","0","0","0","null","19","1"
"2524","2349","1","Negative","mNI-rWqGXd","sentiment","text","choices","manual","False","False","2023-02-27T12:45:25.538152Z","2023-02-27T12:45:25.538152Z","1.175","0","2524","19","null","null","5d4119fc-humandsuperboy.csv","127","1614719450238038016","dsuperboy","Katanya nasa nemu planet baru mirip bumi. Jadi semesta lain itu emang ada? Apakah di masa depan, manusia bukan hany… https://t.co/38VXUK30uC","133","1473","2023-01-15 20:21:31+00:00","2023-02-27T07:11:57.964194Z","2023-02-27T12:45:25.641805Z","128","1","0","0","0","0","null","19","1"
"2525","2350","1","Positive","6SgsCYGEZ3","sentiment","text","choices","manual","False","False","2023-02-27T12:45:27.231470Z","2023-02-27T12:45:27.231470Z","1.042","0","2525","19","null","null","5d4119fc-humandsuperboy.csv","128","1614716361586143232","dsuperboy","Istirahatlah, tidak perlu memaksakan diri mengikuti zaman. Jika dengan begitu yang tercipta hanya masalah baru untuk dirimu.","245","1232","2023-01-15 20:09:15+00:00","2023-02-27T07:11:57.964194Z","2023-02-27T12:45:27.341777Z","129","1","0","0","0","0","null","19","1"
"2526","2351","1","Positive","zYiZkGIHr0","sentiment","text","choices","manual","False","False","2023-02-27T12:45:28.813414Z","2023-02-27T12:45:28.813414Z","0.947","0","2526","19","null","null","5d4119fc-humandsuperboy.csv","129","1614711385015078912","dsuperboy","Hantu dalam pikiran selalu sibuk di larut malam. Merusak jam tidurmu.","338","1801","2023-01-15 19:49:28+00:00","2023-02-27T07:11:57.964194Z","2023-02-27T12:45:28.980305Z","130","1","0","0","0","0","null","19","1"
"2527","2352","1","Positive","S7aMb_NLTI","sentiment","text","choices","manual","False","False","2023-02-27T12:45:30.704315Z","2023-02-27T12:45:30.704315Z","1.16","0","2527","19","null","null","5d4119fc-humandsuperboy.csv","130","1614706988331724806","dsuperboy","Nggak ngantuk?","54","1112","2023-01-15 19:32:00+00:00","2023-02-27T07:11:57.964194Z","2023-02-27T12:45:30.807506Z","131","1","0","0","0","0","null","19","1"
"2528","2353","1","Neutral","etRYExpnjP","sentiment","text","choices","manual","False","False","2023-02-27T12:45:35.098134Z","2023-02-27T12:45:35.098134Z","3.742","0","2528","19","null","null","5d4119fc-humandsuperboy.csv","131","1614641959469207552","dsuperboy","@18discourse 🙏🏻","1","31","2023-01-15 15:13:36+00:00","2023-02-27T07:11:57.964194Z","2023-02-27T12:45:35.198985Z","132","1","0","0","0","0","null","19","1"
"2529","2354","1","Neutral","helaYPV4R7","sentiment","text","choices","manual","False","False","2023-02-27T12:45:38.737620Z","2023-02-27T12:45:38.737620Z","2.897","0","2529","19","null","null","5d4119fc-humandsuperboy.csv","132","1614624610003320832","dsuperboy","@Roza_lusi 🙏🏻","0","26","2023-01-15 14:04:39+00:00","2023-02-27T07:11:57.964194Z","2023-02-27T12:45:38.865605Z","133","1","0","0","0","0","null","19","1"
"2530","2355","1","Negative","Fs8YaBTvzh","sentiment","text","choices","manual","False","False","2023-02-27T12:45:40.860853Z","2023-02-27T12:45:40.860853Z","1.434","0","2530","19","null","null","5d4119fc-humandsuperboy.csv","133","1614564976852881410","dsuperboy","Hewan-hewan durhaka, dikutuk jadi batu sama ibunya. Mentang-mentang udah kaya dan dapat istri cantik di rantau, pak… https://t.co/5wIGbsgaTc","11","380","2023-01-15 10:07:42+00:00","2023-02-27T07:11:57.964194Z","2023-02-27T12:45:40.961190Z","134","1","0","0","0","0","null","19","1"
"2531","2356","1","Positive","3-DRklaBPq","sentiment","text","choices","manual","False","False","2023-02-27T12:45:42.554111Z","2023-02-27T12:45:42.554111Z","1.097","0","2531","19","null","null","5d4119fc-humandsuperboy.csv","134","1614563216616755200","dsuperboy","Sampai saat temanmu tidak percaya kalau kamu enggak punya duit, padahal emang nggak lagi punya duit.","623","3068","2023-01-15 10:00:42+00:00","2023-02-27T07:11:57.964194Z","2023-02-27T12:45:42.659709Z","135","1","0","0","0","0","null","19","1"
"2532","2357","1","Positive","IAixxgShtu","sentiment","text","choices","manual","False","False","2023-02-27T12:45:46.327737Z","2023-02-27T12:45:46.327737Z","3.2","0","2532","19","null","null","5d4119fc-humandsuperboy.csv","135","1614526687143931906","dsuperboy","@Uyas_Alqorni Mau curi start","0","1","2023-01-15 07:35:33+00:00","2023-02-27T07:11:57.964194Z","2023-02-27T12:45:46.435698Z","136","1","0","0","0","0","null","19","1"
"2533","2358","1","Positive","IEFMxzWQ1E","sentiment","text","choices","manual","False","False","2023-02-27T12:45:47.824149Z","2023-02-27T12:45:47.824149Z","0.942","0","2533","19","null","null","5d4119fc-humandsuperboy.csv","136","1614521444448468992","dsuperboy","Bentar, mau beli kursi baru.","4","348","2023-01-15 07:14:43+00:00","2023-02-27T07:11:57.964194Z","2023-02-27T12:45:47.969968Z","137","1","0","0","0","0","null","19","1"
"2534","2359","1","Negative","Ui6a_h0hgx","sentiment","text","choices","manual","False","False","2023-02-27T12:45:49.862882Z","2023-02-27T12:45:49.862882Z","1.333","0","2534","19","null","null","5d4119fc-humandsuperboy.csv","137","1614520266293641216","dsuperboy","Sekarang persaingan anak sekolah sepertinya bukan soal juara kelas lagi, tapi juga seberapa mahal dan enak bekal da… https://t.co/E0Il0bTJ5X","83","967","2023-01-15 07:10:02+00:00","2023-02-27T07:11:57.964194Z","2023-02-27T12:45:49.987240Z","138","1","0","0","0","0","null","19","1"
"2535","2360","1","Positive","0-7HL2XQmt","sentiment","text","choices","manual","False","False","2023-02-27T12:45:52.917855Z","2023-02-27T12:45:52.917855Z","2.453","0","2535","19","null","null","5d4119fc-humandsuperboy.csv","138","1614513595899076608","dsuperboy","Enggak semua orang harus paham apa yang kamu bikin. Enggak semua orang harus mampu memahami apa yang ada dalam kepalamu.","1053","3366","2023-01-15 06:43:32+00:00","2023-02-27T07:11:57.964194Z","2023-02-27T12:45:53.016009Z","139","1","0","0","0","0","null","19","1"
"2536","2361","1","Negative","njGaZJrOeR","sentiment","text","choices","manual","False","False","2023-02-27T12:45:54.606827Z","2023-02-27T12:45:54.606827Z","1.163","0","2536","19","null","null","5d4119fc-humandsuperboy.csv","139","1614345982539620353","dsuperboy","Segala sesuatu ada durasinya. Seumur daun sebelum gugur. Serupa kursi di meja kerja yang akhirnya patah. Seperti ki… https://t.co/QS3fTw0E1z","433","1663","2023-01-14 19:37:29+00:00","2023-02-27T07:11:57.964194Z","2023-02-27T12:45:54.724655Z","140","1","0","0","0","0","null","19","1"
"2537","2362","1","Positive","CJOo5m7UUi","sentiment","text","choices","manual","False","False","2023-02-27T12:45:57.068454Z","2023-02-27T12:45:57.068454Z","1.767","0","2537","19","null","null","5d4119fc-humandsuperboy.csv","140","1614335694025142272","dsuperboy","Sudah lima tahun, mungkin udah saatnya ganti kursi.","4","159","2023-01-14 18:56:37+00:00","2023-02-27T07:11:57.964194Z","2023-02-27T12:45:57.198795Z","141","1","0","0","0","0","null","19","1"
"2538","2363","1","Negative","cZKU33rkMB","sentiment","text","choices","manual","False","False","2023-02-27T12:45:58.933958Z","2023-02-27T12:45:58.933958Z","1.203","0","2538","19","null","null","5d4119fc-humandsuperboy.csv","141","1614334920872329216","dsuperboy","💔 https://t.co/Ar7nK6Jboa","1","229","2023-01-14 18:53:32+00:00","2023-02-27T07:11:57.964194Z","2023-02-27T12:45:59.050768Z","142","1","0","0","0","0","null","19","1"
"2539","2364","1","Positive","PsX4SR_nGm","sentiment","text","choices","manual","False","False","2023-02-27T12:46:02.100518Z","2023-02-27T12:46:02.100518Z","2.59","0","2539","19","null","null","5d4119fc-humandsuperboy.csv","142","1614330034197778432","dsuperboy","Mau bikin apalagi ya buat isi hidup. Biar tetap seru gitu.","669","2952","2023-01-14 18:34:07+00:00","2023-02-27T07:11:57.964194Z","2023-02-27T12:46:02.200041Z","143","1","0","0","0","0","null","19","1"
"2540","2365","1","Neutral","zrl__oe1Vz","sentiment","text","choices","manual","False","False","2023-02-27T12:46:04.112189Z","2023-02-27T12:46:04.112189Z","1.475","0","2540","19","null","null","5d4119fc-humandsuperboy.csv","143","1614307799789600768","dsuperboy","@Anom273 🙏🏻🙏🏻","0","24","2023-01-14 17:05:46+00:00","2023-02-27T07:11:57.964194Z","2023-02-27T12:46:04.311091Z","144","1","0","0","0","0","null","19","1"
"2541","2366","1","Positive","OZo36KN_KK","sentiment","text","choices","manual","False","False","2023-02-27T12:46:06.201274Z","2023-02-27T12:46:06.201274Z","1.387","0","2541","19","null","null","5d4119fc-humandsuperboy.csv","144","1614264011792715776","dsuperboy","Terlalu sibuk mengurusi orang lain sampai diri sendiri udah jadi hutan.","286","1590","2023-01-14 14:11:46+00:00","2023-02-27T07:11:57.964194Z","2023-02-27T12:46:06.337882Z","145","1","0","0","0","0","null","19","1"
"2542","2367","1","Positive","tHoWVY29Uh","sentiment","text","choices","manual","False","False","2023-02-27T12:46:07.575317Z","2023-02-27T12:46:07.577851Z","0.819","0","2542","19","null","null","5d4119fc-humandsuperboy.csv","145","1614262569166077952","dsuperboy","Sudahkah kau mengirim chat ke whatsappmu sendiri hari ini?","386","5635","2023-01-14 14:06:02+00:00","2023-02-27T07:11:57.964194Z","2023-02-27T12:46:07.717231Z","146","1","0","0","0","0","null","19","1"
"2543","2368","1","Positive","gJWWbOyHuX","sentiment","text","choices","manual","False","False","2023-02-27T12:46:09.343852Z","2023-02-27T12:46:09.343852Z","1.05","0","2543","19","null","null","5d4119fc-humandsuperboy.csv","146","1614232174324219904","dsuperboy","Banyak yang ingin tahu masalah pribadi orang lain dan televisi memfasilitasi itu untuk meraup pundi-pundi.","76","739","2023-01-14 12:05:15+00:00","2023-02-27T07:11:57.964194Z","2023-02-27T12:46:09.825719Z","147","1","0","0","0","0","null","19","1"
"2544","2369","1","Negative","d4wQJx2kTv","sentiment","text","choices","manual","False","False","2023-02-27T12:46:11.884608Z","2023-02-27T12:46:11.884608Z","1.155","0","2544","19","null","null","5d4119fc-humandsuperboy.csv","147","1614212463163224066","dsuperboy","Mulai serius, mainlah latto-latto di tempat yang tepat. Nggak ke kopisop, nggak di rumah sakit, nggak di tempat umu… https://t.co/DFZfdHh7u0","157","1410","2023-01-14 10:46:56+00:00","2023-02-27T07:11:57.964194Z","2023-02-27T12:46:12.175429Z","148","1","0","0","0","0","null","19","1"
"2545","2370","1","Positive","aMEBrsOrCo","sentiment","text","choices","manual","False","False","2023-02-27T12:46:14.826518Z","2023-02-27T12:46:14.826518Z","1.958","0","2545","19","null","null","5d4119fc-humandsuperboy.csv","148","1614195291053514753","dsuperboy","Cuma malam minggu.","242","1384","2023-01-14 09:38:42+00:00","2023-02-27T07:11:57.964194Z","2023-02-27T12:46:15.049566Z","149","1","0","0","0","0","null","19","1"
"2546","2371","1","Positive","iAJaHonxV3","sentiment","text","choices","manual","False","False","2023-02-27T12:46:24.424439Z","2023-02-27T12:46:24.424439Z","8.127","0","2546","19","null","null","5d4119fc-humandsuperboy.csv","149","1614164960086749185","dsuperboy","Gak! Jangan! Heh!","3","155","2023-01-14 07:38:10+00:00","2023-02-27T07:11:57.964194Z","2023-02-27T12:46:24.528915Z","150","1","0","0","0","0","null","19","1"
"2547","2372","1","Positive","RZWKVDCkc9","sentiment","text","choices","manual","False","False","2023-02-27T12:46:26.194273Z","2023-02-27T12:46:26.194273Z","1.142","0","2547","19","null","null","5d4119fc-humandsuperboy.csv","150","1614164665927622657","dsuperboy","Kenapa makin banyak orang-orang berendam depan kamera ya? Gaberes ini. Apa aku ikutan aja kali ya.","17","587","2023-01-14 07:37:00+00:00","2023-02-27T07:11:57.964194Z","2023-02-27T12:46:26.332892Z","151","1","0","0","0","0","null","19","1"
"2548","2373","1","Negative","Fy2YMUqDnq","sentiment","text","choices","manual","False","False","2023-02-27T12:46:28.273745Z","2023-02-27T12:46:28.273745Z","1.392","0","2548","19","null","null","5d4119fc-humandsuperboy.csv","151","1614141675215126528","dsuperboy","https://t.co/lHJRopl9uH","317","3622","2023-01-14 06:05:39+00:00","2023-02-27T07:11:57.964194Z","2023-02-27T12:46:28.372353Z","152","1","0","0","0","0","null","19","1"
"2549","2374","1","Positive","008YrCvETB","sentiment","text","choices","manual","False","False","2023-02-27T12:46:30.171862Z","2023-02-27T12:46:30.171862Z","1.325","0","2549","19","null","null","5d4119fc-humandsuperboy.csv","152","1614139097035202565","dsuperboy","Pernah bohong soal apa sama ibu?","456","8775","2023-01-14 05:55:24+00:00","2023-02-27T07:11:57.964194Z","2023-02-27T12:46:30.272290Z","153","1","0","0","0","0","null","19","1"
"2550","2375","1","Positive","gzzSiyjIqF","sentiment","text","choices","manual","False","False","2023-02-27T12:46:32.104028Z","2023-02-27T12:46:32.104028Z","1.231","0","2550","19","null","null","5d4119fc-humandsuperboy.csv","153","1614137854933995521","dsuperboy","Yang ditakutkan bukan hanya perpisahan, tapi dendam yang kau simpan setelahnya.","561","2371","2023-01-14 05:50:28+00:00","2023-02-27T07:11:57.964194Z","2023-02-27T12:46:32.219310Z","154","1","0","0","0","0","null","19","1"
"2551","2376","1","Negative","4jiRWsFwjj","sentiment","text","choices","manual","False","False","2023-02-27T12:46:33.811280Z","2023-02-27T12:46:33.811280Z","1.062","0","2551","19","null","null","5d4119fc-humandsuperboy.csv","154","1613862484229902336","dsuperboy","Tidak ada orang yang selalu satu frekuensi sepanjang waktu. Selalu ada masa-masa berlawanan arah, bertengkar, tapi… https://t.co/HGaKsU2N8v","3086","7422","2023-01-13 11:36:15+00:00","2023-02-27T07:11:57.964194Z","2023-02-27T12:46:33.958925Z","155","1","0","0","0","0","null","19","1"
"2552","2377","1","Negative","yDU5e3S_WI","sentiment","text","choices","manual","False","False","2023-02-27T12:46:35.632952Z","2023-02-27T12:46:35.632952Z","0.994","0","2552","19","null","null","5d4119fc-humandsuperboy.csv","155","1613860818088783872","dsuperboy","Sudah lama tidak menuliskan senja untukmu. Ternyata rasanya masih sama. Masih jadi rindu panjang untuk pertemuan ya… https://t.co/9uB4zG4UFV","370","1707","2023-01-13 11:29:37+00:00","2023-02-27T07:11:57.964194Z","2023-02-27T12:46:35.745051Z","156","1","0","0","0","0","null","19","1"
"2553","2378","1","Neutral","MaA8QsQAQL","sentiment","text","choices","manual","False","False","2023-02-27T12:46:38.148704Z","2023-02-27T12:46:38.148704Z","1.86","0","2553","19","null","null","5d4119fc-humandsuperboy.csv","156","1613849903020769281","dsuperboy","@IsrofatulJ 🙏🏻","0","28","2023-01-13 10:46:15+00:00","2023-02-27T07:11:57.964194Z","2023-02-27T12:46:38.265746Z","157","1","0","0","0","0","null","19","1"
"2554","2379","1","Negative","kuHzSgtWRA","sentiment","text","choices","manual","False","False","2023-02-27T12:46:39.901012Z","2023-02-27T12:46:39.901012Z","1.211","0","2554","19","null","null","5d4119fc-humandsuperboy.csv","157","1613840016257712129","dsuperboy","Tiba-tiba beberapa orang terkenal karena tingkah konyolnya. Diberi panggung di mana-mana. Barangkali begitulah cara… https://t.co/CBke61vgKo","127","1015","2023-01-13 10:06:58+00:00","2023-02-27T07:11:57.974338Z","2023-02-27T12:46:40.016227Z","158","1","0","0","0","0","null","19","1"
"2555","2380","1","Positive","kXV5MWs5al","sentiment","text","choices","manual","False","False","2023-02-27T12:46:42.872293Z","2023-02-27T12:46:42.872293Z","1.963","0","2555","19","null","null","5d4119fc-humandsuperboy.csv","158","1613790868242325504","dsuperboy","@worksfess Halo, nder. Kamu aja yang nulis begitu, aku yang bayar. Gimana, nder?","49","819","2023-01-13 06:51:40+00:00","2023-02-27T07:11:57.974338Z","2023-02-27T12:46:42.959490Z","159","1","0","0","0","0","null","19","1"
"2556","2381","1","Negative","hhS2mSGJ-C","sentiment","text","choices","manual","False","False","2023-02-27T12:46:44.895272Z","2023-02-27T12:46:44.895272Z","1.284","0","2556","19","null","null","5d4119fc-humandsuperboy.csv","159","1613762129575964677","dsuperboy","@tanyakanrl Karena tidak semua orang siap dengan ketidakpastian hidup. Sementara menjadi Asn memberikan itu —meski… https://t.co/vLf99InvLl","299","4508","2023-01-13 04:57:28+00:00","2023-02-27T07:11:57.974338Z","2023-02-27T12:46:45.036075Z","160","1","0","0","0","0","null","19","1"
"2557","2382","1","Positive","7LS0asDpUv","sentiment","text","choices","manual","False","False","2023-02-27T12:46:46.936715Z","2023-02-27T12:46:46.936715Z","1.307","0","2557","19","null","null","5d4119fc-humandsuperboy.csv","160","1613752224970330113","dsuperboy","Sudah malas buang-buang waktu untuk pertemuan-pertemuan basa-basi saja.","1562","4991","2023-01-13 04:18:07+00:00","2023-02-27T07:11:57.974338Z","2023-02-27T12:46:47.080732Z","161","1","0","0","0","0","null","19","1"
"2558","2383","1","Positive","i0LAJ-gMRV","sentiment","text","choices","manual","False","False","2023-02-27T12:47:14.899604Z","2023-02-27T12:47:14.899604Z","27.229","0","2558","19","null","null","5d4119fc-humandsuperboy.csv","161","1613626895375163393","dsuperboy","Ya udah, tidur dulu. Besok dipikirin lagi.","925","3652","2023-01-12 20:00:06+00:00","2023-02-27T07:11:57.974338Z","2023-02-27T12:47:15.049314Z","162","1","0","0","0","0","null","19","1"
"2559","2384","1","Negative","w5dGn0x6xV","sentiment","text","choices","manual","False","False","2023-02-27T12:47:16.934035Z","2023-02-27T12:47:16.934035Z","1.307","0","2559","19","null","null","5d4119fc-humandsuperboy.csv","162","1613604623365046274","dsuperboy","Jangan buang-buang waktu lebih lama di kampus. Dunia luar terlalu seru untuk dilewatkan. 👌 https://t.co/2h63PAzIHK","58","543","2023-01-12 18:31:36+00:00","2023-02-27T07:11:57.974338Z","2023-02-27T12:47:17.036817Z","163","1","0","0","0","0","null","19","1"
"2560","2385","1","Negative","5qAo8It3pD","sentiment","text","choices","manual","False","False","2023-02-27T12:47:18.772736Z","2023-02-27T12:47:18.772736Z","1.211","0","2560","19","null","null","5d4119fc-humandsuperboy.csv","163","1613599822816366592","dsuperboy","Hidupmu kadang emang nggak cocok dengan arus kebanyakan. Hidupmu mungkin emang ditakdirkan untuk melawan arus. Mesk… https://t.co/MJqTAplnnQ","597","1963","2023-01-12 18:12:31+00:00","2023-02-27T07:11:57.974338Z","2023-02-27T12:47:18.890475Z","164","1","0","0","0","0","null","19","1"
"2561","2386","1","Positive","jeBfb5P0U6","sentiment","text","choices","manual","False","False","2023-02-27T12:47:20.536809Z","2023-02-27T12:47:20.536809Z","1.196","0","2561","19","null","null","5d4119fc-humandsuperboy.csv","164","1613595569494306816","dsuperboy","@22lalapo Beli dong kak. Negara belum mau ngasih cetak gratis dan belum mau bayarin royalti penulis-nya. 🥲","0","0","2023-01-12 17:55:37+00:00","2023-02-27T07:11:57.974338Z","2023-02-27T12:47:20.661030Z","165","1","0","0","0","0","null","19","1"
"2562","2387","1","Positive","F0ICPrdYiX","sentiment","text","choices","manual","False","False","2023-02-27T12:47:25.555263Z","2023-02-27T12:47:25.555263Z","4.366","0","2562","19","null","null","5d4119fc-humandsuperboy.csv","165","1613586227026100225","dsuperboy","Ini bulan depan ya. Buku pertama pembuka tahun ini. Doain lancar ya prosesnya 🙏🏻","6","311","2023-01-12 17:18:30+00:00","2023-02-27T07:11:57.974338Z","2023-02-27T12:47:25.660936Z","166","1","0","0","0","0","null","19","1"
"2563","2388","1","Positive","tyV8Vx6fP3","sentiment","text","choices","manual","False","False","2023-02-27T12:47:28.433702Z","2023-02-27T12:47:28.433702Z","2.31","0","2563","19","null","null","5d4119fc-humandsuperboy.csv","166","1613532238599315456","dsuperboy","@N_abila17 Bulan depan","0","3","2023-01-12 13:43:58+00:00","2023-02-27T07:11:57.974338Z","2023-02-27T12:47:28.534574Z","167","1","0","0","0","0","null","19","1"
"2564","2389","1","Negative","8uNkORfhZ6","sentiment","text","choices","manual","False","False","2023-02-27T12:47:30.189359Z","2023-02-27T12:47:30.189359Z","1.211","0","2564","19","null","null","5d4119fc-humandsuperboy.csv","167","1613529267538907136","dsuperboy","Judul buku baru sudah di-acc dosbing ini: https://t.co/JlbNNBvZ11","619","4671","2023-01-12 13:32:09+00:00","2023-02-27T07:11:57.974338Z","2023-02-27T12:47:30.333858Z","168","1","0","0","0","0","null","19","1"
"2565","2390","1","Negative","CMHF3NWK9H","sentiment","text","choices","manual","False","False","2023-02-27T12:47:32.000946Z","2023-02-27T12:47:32.000946Z","1.075","0","2565","19","null","null","5d4119fc-humandsuperboy.csv","168","1613521950416199682","dsuperboy","'Yang penting mau kerja keras' doang itu, kadang emang nggak cukup. Tetap saja, harus seimbang; soal pola pikir, ga… https://t.co/Hm9f55MF5C","542","1628","2023-01-12 13:03:05+00:00","2023-02-27T07:11:57.974338Z","2023-02-27T12:47:32.135888Z","169","1","0","0","0","0","null","19","1"
"2566","2391","1","Negative","6AH7E6XO7E","sentiment","text","choices","manual","False","False","2023-02-27T12:47:33.625522Z","2023-02-27T12:47:33.625522Z","0.962","0","2566","19","null","null","5d4119fc-humandsuperboy.csv","169","1613521252769202179","dsuperboy","Walau pun dia bilang dia nggak mandang harta dan materi kok. Tapi, perlu dipertimbangkan; sepadan itu penting. Kecu… https://t.co/oBDXOgGxIv","537","1950","2023-01-12 13:00:19+00:00","2023-02-27T07:11:57.974338Z","2023-02-27T12:47:33.958410Z","170","1","0","0","0","0","null","19","1"
"2567","2392","1","Positive","Sl-ETAU8Ei","sentiment","text","choices","manual","False","False","2023-02-27T12:47:36.045891Z","2023-02-27T12:47:36.045891Z","1.484","0","2567","19","null","null","5d4119fc-humandsuperboy.csv","170","1613513477628526593","dsuperboy","@FOODFESS2 Enak","1","110","2023-01-12 12:29:25+00:00","2023-02-27T07:11:57.974338Z","2023-02-27T12:47:36.200487Z","171","1","0","0","0","0","null","19","1"
"2568","2393","1","Positive","r79cCKuKaJ","sentiment","text","choices","manual","False","False","2023-02-27T12:47:38.617938Z","2023-02-27T12:47:38.617938Z","1.844","0","2568","19","null","null","5d4119fc-humandsuperboy.csv","171","1613510282852339713","dsuperboy","@dittameliaa @JS_Khairen @Donny5cm @grasindo_id Bestie-an mereka ya.","2","41","2023-01-12 12:16:43+00:00","2023-02-27T07:11:57.974338Z","2023-02-27T12:47:38.717764Z","172","1","0","0","0","0","null","19","1"
"2569","2394","1","Positive","rE2V-T1VY9","sentiment","text","choices","manual","False","False","2023-02-27T12:47:40.374173Z","2023-02-27T12:47:40.374173Z","1.106","0","2569","19","null","null","5d4119fc-humandsuperboy.csv","172","1613506918995333120","dsuperboy","Pengin kecanduan olahraga.","1082","3967","2023-01-12 12:03:21+00:00","2023-02-27T07:11:57.974338Z","2023-02-27T12:47:40.472499Z","173","1","0","0","0","0","null","19","1"
"2570","2395","1","Positive","W7MolbUm_H","sentiment","text","choices","manual","False","False","2023-02-27T12:47:41.841184Z","2023-02-27T12:47:41.841184Z","0.847","0","2570","19","null","null","5d4119fc-humandsuperboy.csv","173","1613506044537495552","dsuperboy","Lagi mencari enaknya olahraga. Semoga segera ketemu.","148","1122","2023-01-12 11:59:53+00:00","2023-02-27T07:11:57.974338Z","2023-02-27T12:47:41.956467Z","174","1","0","0","0","0","null","19","1"
"2571","2396","1","Positive","JL92JmG9SL","sentiment","text","choices","manual","False","False","2023-02-27T12:47:43.229691Z","2023-02-27T12:47:43.229691Z","0.841","0","2571","19","null","null","5d4119fc-humandsuperboy.csv","174","1613496449832226817","dsuperboy","Bukan maksud sombong, tapi emang aku minder aja temanan sama orang hebat kayak kamu.","333","2298","2023-01-12 11:21:45+00:00","2023-02-27T07:11:57.984355Z","2023-02-27T12:47:43.352668Z","175","1","0","0","0","0","null","19","1"
"2572","2397","1","Positive","KWIHGkMMFp","sentiment","text","choices","manual","False","False","2023-02-27T12:47:46.437893Z","2023-02-27T12:47:46.437893Z","2.598","0","2572","19","null","null","5d4119fc-humandsuperboy.csv","175","1613480334699671552","dsuperboy","@lautankata Gasss","0","36","2023-01-12 10:17:43+00:00","2023-02-27T07:11:57.984355Z","2023-02-27T12:47:46.538619Z","176","1","0","0","0","0","null","19","1"
"2573","2398","1","Negative","AuP_K0U-bj","sentiment","text","choices","manual","False","False","2023-02-27T12:47:56.356105Z","2023-02-27T12:47:56.356105Z","9.15","0","2573","19","null","null","5d4119fc-humandsuperboy.csv","176","1613464787652083717","dsuperboy","Akhirnya bikin ginian juga. Telat banget sih. Gapapa lah. Mulai dari youtube dulu. \n\nhttps://t.co/C3Y5qWHKo9","5","183","2023-01-12 09:15:56+00:00","2023-02-27T07:11:57.984355Z","2023-02-27T12:47:56.454869Z","177","1","0","0","0","0","null","19","1"
"2574","2399","1","Positive","r2XEq1PV67","sentiment","text","choices","manual","False","False","2023-02-27T12:47:58.413899Z","2023-02-27T12:47:58.413899Z","1.355","0","2574","19","null","null","5d4119fc-humandsuperboy.csv","177","1613419427252555777","dsuperboy","@yuniandriyaniA Gapapa, ibuku juga. 🙃","0","1","2023-01-12 06:15:41+00:00","2023-02-27T07:11:57.984355Z","2023-02-27T12:47:58.557836Z","178","1","0","0","0","0","null","19","1"
"2575","2400","1","Negative","W6ZFXo-Ujo","sentiment","text","choices","manual","False","False","2023-02-27T12:48:00.296189Z","2023-02-27T12:48:00.296189Z","1.032","0","2575","19","null","null","5d4119fc-humandsuperboy.csv","178","1613410286559690753","dsuperboy","Dari tempat yang jauh seseorang sedang sibuk bekerja; memikirkan ongkos pesawat, biaya pernikahan, dan kiriman untu… https://t.co/mAiGZDTxnI","247","1415","2023-01-12 05:39:22+00:00","2023-02-27T07:11:57.984355Z","2023-02-27T12:48:00.420189Z","179","1","0","0","0","0","null","19","1"
"2576","2401","1","Positive","MmxgScoSsU","sentiment","text","choices","manual","False","False","2023-02-27T12:48:03.216726Z","2023-02-27T12:48:03.216726Z","2.295","0","2576","19","null","null","5d4119fc-humandsuperboy.csv","179","1613262773022261250","dsuperboy","Simpan tangisnya buat besok. Sekarang tidur dulu.","1920","7541","2023-01-11 19:53:12+00:00","2023-02-27T07:11:57.984355Z","2023-02-27T12:48:03.312325Z","180","1","0","0","0","0","null","19","1"
"2577","2402","1","Positive","cMff3QxCeM","sentiment","text","choices","manual","False","False","2023-02-27T12:48:04.732740Z","2023-02-27T12:48:04.735278Z","1.004","0","2577","19","null","null","5d4119fc-humandsuperboy.csv","180","1613205623180759041","dsuperboy","Baru, ya?","118","1316","2023-01-11 16:06:07+00:00","2023-02-27T07:11:57.984355Z","2023-02-27T12:48:04.880493Z","181","1","0","0","0","0","null","19","1"
"2578","2403","1","Positive","ApfuJDzw2j","sentiment","text","choices","manual","False","False","2023-02-27T12:48:16.338025Z","2023-02-27T12:48:16.338025Z","10.898","0","2578","19","null","null","5d4119fc-humandsuperboy.csv","181","1613175701548724225","dsuperboy","@zarryhendrik Jangan lupa disimpan 😅","0","0","2023-01-11 14:07:13+00:00","2023-02-27T07:11:57.984355Z","2023-02-27T12:48:16.393686Z","182","1","0","0","0","0","null","19","1"
"2579","2404","1","Positive","9nVHcAXtVZ","sentiment","text","choices","manual","False","False","2023-02-27T12:48:17.823820Z","2023-02-27T12:48:17.823820Z","1.185","0","2579","19","null","null","5d4119fc-humandsuperboy.csv","182","1613173394136268805","dsuperboy","@zarryhendrik Udah bisa pameran arsip ini sekian tahun lagi 🔥","0","67","2023-01-11 13:58:03+00:00","2023-02-27T07:11:57.984355Z","2023-02-27T12:48:17.880411Z","183","1","0","0","0","0","null","19","1"
"2580","2405","1","Negative","tM2l2uEISu","sentiment","text","choices","manual","False","False","2023-02-27T12:48:19.381014Z","2023-02-27T12:48:19.381014Z","1.149","0","2580","19","null","null","5d4119fc-humandsuperboy.csv","183","1613172883681062914","dsuperboy","https://t.co/HHTKoz6z1I","101","1011","2023-01-11 13:56:01+00:00","2023-02-27T07:11:57.984355Z","2023-02-27T12:48:19.439460Z","184","1","0","0","0","0","null","19","1"
"2581","2406","1","Positive","Oc8WfOJxgI","sentiment","text","choices","manual","False","False","2023-02-27T12:48:20.915250Z","2023-02-27T12:48:20.915250Z","1.234","0","2581","19","null","null","5d4119fc-humandsuperboy.csv","184","1613172798415056897","dsuperboy","@Ekowibowo06 Semoga terhibur 🙏🏻","1","32","2023-01-11 13:55:41+00:00","2023-02-27T07:11:57.984355Z","2023-02-27T12:48:20.972307Z","185","1","0","0","0","0","null","19","1"
"2582","2407","1","Negative","-sI-QFQZ3E","sentiment","text","choices","manual","False","False","2023-02-27T12:48:22.287866Z","2023-02-27T12:48:22.287866Z","1.079","0","2582","19","null","null","5d4119fc-humandsuperboy.csv","185","1613134788331982848","dsuperboy","Mungkin memang sudah saatnya kita saling melepaskan. Kau memilih ke kanan sementara aku ke kiri. Kau senang melayan… https://t.co/IgL50eJNMa","952","3809","2023-01-11 11:24:38+00:00","2023-02-27T07:11:57.984355Z","2023-02-27T12:48:22.347351Z","186","1","0","0","0","0","null","19","1"
"2583","2408","1","Positive","wmDSE0MuZd","sentiment","text","choices","manual","False","False","2023-02-27T12:48:23.657511Z","2023-02-27T12:48:23.657511Z","1.092","0","2583","19","null","null","5d4119fc-humandsuperboy.csv","186","1613100573741690880","dsuperboy","Dari tadi mager banget.","136","1088","2023-01-11 09:08:41+00:00","2023-02-27T07:11:57.984355Z","2023-02-27T12:48:23.715241Z","187","1","0","0","0","0","null","19","1"
"2584","2409","1","Positive","62dikbCnQy","sentiment","text","choices","manual","False","False","2023-02-27T12:48:24.933169Z","2023-02-27T12:48:24.933169Z","0.975","0","2584","19","null","null","5d4119fc-humandsuperboy.csv","187","1613094136789499906","dsuperboy","Jangan lupa minum.","80","872","2023-01-11 08:43:06+00:00","2023-02-27T07:11:57.984355Z","2023-02-27T12:48:24.988274Z","188","1","0","0","0","0","null","19","1"
"2585","2410","1","Positive","D9tteByU_o","sentiment","text","choices","manual","False","False","2023-02-27T12:48:25.947977Z","2023-02-27T12:48:25.947977Z","0.747","0","2585","19","null","null","5d4119fc-humandsuperboy.csv","188","1613093460462178304","dsuperboy","Abis makan jangan lupa bayar.","25","483","2023-01-11 08:40:25+00:00","2023-02-27T07:11:57.989900Z","2023-02-27T12:48:26.004401Z","189","1","0","0","0","0","null","19","1"
"2586","2411","1","Positive","yLfP09Kasd","sentiment","text","choices","manual","False","False","2023-02-27T12:48:27.011406Z","2023-02-27T12:48:27.011406Z","0.779","0","2586","19","null","null","5d4119fc-humandsuperboy.csv","189","1613093370024562688","dsuperboy","Jangan lupa makan.","153","992","2023-01-11 08:40:03+00:00","2023-02-27T07:11:57.989900Z","2023-02-27T12:48:27.069249Z","190","1","0","0","0","0","null","19","1"
"2587","2412","1","Neutral","9ujVnZ9v4v","sentiment","text","choices","manual","False","False","2023-02-27T12:48:28.659347Z","2023-02-27T12:48:28.659347Z","1.368","0","2587","19","null","null","5d4119fc-humandsuperboy.csv","190","1613061629163474945","dsuperboy","@kyrhmaa 🙏🏻","1","68","2023-01-11 06:33:56+00:00","2023-02-27T07:11:57.989900Z","2023-02-27T12:48:28.715743Z","191","1","0","0","0","0","null","19","1"
"2588","2413","1","Positive","JzbfqnmG8K","sentiment","text","choices","manual","False","False","2023-02-27T12:48:30.237235Z","2023-02-27T12:48:30.237235Z","1.297","0","2588","19","null","null","5d4119fc-humandsuperboy.csv","191","1612900231112458241","dsuperboy","Selamat istirahat orang-orang yang menunggu kelelahan baru bisa ketiduran.","459","2799","2023-01-10 19:52:35+00:00","2023-02-27T07:11:57.989900Z","2023-02-27T12:48:30.295341Z","192","1","0","0","0","0","null","19","1"
"2589","2414","1","Negative","Wk6aaA4l4U","sentiment","text","choices","manual","False","False","2023-02-27T12:48:31.651752Z","2023-02-27T12:48:31.651752Z","1.139","0","2589","19","null","null","5d4119fc-humandsuperboy.csv","192","1612898260095741952","dsuperboy","https://t.co/Yk8Ijk5Mbp","185","1332","2023-01-10 19:44:46+00:00","2023-02-27T07:11:57.989900Z","2023-02-27T12:48:31.708880Z","193","1","0","0","0","0","null","19","1"
"2590","2415","1","Negative","pioA3iqlDk","sentiment","text","choices","manual","False","False","2023-02-27T12:48:33.445599Z","2023-02-27T12:48:33.445599Z","1.525","0","2590","19","null","null","5d4119fc-humandsuperboy.csv","193","1612800340696657924","dsuperboy","Mungkin pilihanmu tidak akan selalu diterima orang lain. Pilihlah jalan lain yang mengantarmu menemukan orang-orang… https://t.co/doqOvO8VAJ","1113","3991","2023-01-10 13:15:40+00:00","2023-02-27T07:11:57.989900Z","2023-02-27T12:48:33.497779Z","194","1","0","0","0","0","null","19","1"
"2591","2416","1","Negative","L44_k3-Es4","sentiment","text","choices","manual","False","False","2023-02-27T12:48:35.606451Z","2023-02-27T12:48:35.606451Z","1.882","0","2591","19","null","null","5d4119fc-humandsuperboy.csv","194","1612798667450159107","dsuperboy","Dulu, seorang kawan pernah menyarankan untuk mulai menjadi ‘penulis serius’. Padahal semenjak memilih jalan menjadi… https://t.co/H74BAKX21f","26","612","2023-01-10 13:09:01+00:00","2023-02-27T07:11:57.989900Z","2023-02-27T12:48:35.662485Z","195","1","0","0","0","0","null","19","1"
"2592","2417","1","Neutral","l56s_xvdsL","sentiment","text","choices","manual","False","False","2023-02-27T12:48:37.597679Z","2023-02-27T12:48:37.597679Z","1.702","0","2592","19","null","null","5d4119fc-humandsuperboy.csv","195","1612759679465328640","dsuperboy","@NezaOviara 🫣","0","0","2023-01-10 10:34:05+00:00","2023-02-27T07:11:57.989900Z","2023-02-27T12:48:37.655433Z","196","1","0","0","0","0","null","19","1"
"2593","2418","1","Negative","ghOu8H1Cn3","sentiment","text","choices","manual","False","False","2023-02-27T12:48:39.412889Z","2023-02-27T12:48:39.412889Z","1.451","0","2593","19","null","null","5d4119fc-humandsuperboy.csv","196","1612758809713475586","dsuperboy","Menarik napas dalam saat editor mengabari buku ini akan segera diterbitkan 😭 https://t.co/36js83MbLp","10","626","2023-01-10 10:30:38+00:00","2023-02-27T07:11:57.989900Z","2023-02-27T12:48:39.466906Z","197","1","0","0","0","0","null","19","1"
"2594","2419","1","Negative","qkYFDALpkI","sentiment","text","choices","manual","False","False","2023-02-27T12:48:40.842985Z","2023-02-27T12:48:40.842985Z","1.101","0","2594","19","null","null","5d4119fc-humandsuperboy.csv","197","1612756319563558912","dsuperboy","Sudah siap untuk buku baru? https://t.co/dBxPPBB3Zk","6","346","2023-01-10 10:20:44+00:00","2023-02-27T07:11:57.989900Z","2023-02-27T12:48:40.896018Z","198","1","0","0","0","0","null","19","1"
"2595","2420","1","Negative","zOkEl1Viwc","sentiment","text","choices","manual","False","False","2023-02-27T12:48:42.087325Z","2023-02-27T12:48:42.087325Z","0.904","0","2595","19","null","null","5d4119fc-humandsuperboy.csv","198","1612753595912552449","dsuperboy","@rrrrrruto Sabar.  Baru dapat kabar dari editor. https://t.co/rGQyTofBxf","0","0","2023-01-10 10:09:55+00:00","2023-02-27T07:11:57.989900Z","2023-02-27T12:48:42.388220Z","199","1","0","0","0","0","null","19","1"
"2596","2421","1","Negative","Wuyvl0sq5g","sentiment","text","choices","manual","False","False","2023-02-27T12:48:43.808556Z","2023-02-27T12:48:43.808556Z","1.149","0","2596","19","null","null","5d4119fc-humandsuperboy.csv","199","1612752486796001280","dsuperboy","🌦️ https://t.co/LJLjvv6Uwq","350","2202","2023-01-10 10:05:31+00:00","2023-02-27T07:11:57.989900Z","2023-02-27T12:48:43.861469Z","200","1","0","0","0","0","null","19","1"
