lead_time	retweet_count	username	updated_at	like_count	text	annotation_id	created_at	id	Unnamed: 0	sentiment	annotator
2.503	0	tanyakanrl	2023-02-27T15:16:42.618990Z	0	tanyarl 
cw // song joongki, hars word

katyperry join the clubâœ¨ï¸ https://t.co/K5Kguzgh0K	2422	2023-02-27T15:16:42.618990Z	2597	0	Negative	1
1.118	0	tanyakanrl	2023-02-27T15:16:44.077732Z	0	cw // kulit 

Ada yang tau cara ngilangin bekas (ga tau ini namanya apa) di kulit kayak gini kah? Ini aku abis ambiâ€¦ https://t.co/3ZIIsPVs3u	2423	2023-02-27T15:16:44.077732Z	2598	1	Negative	1
2.25	0	tanyakanrl	2023-02-27T15:16:46.622638Z	0	ğŸ’š guys, saranin ch YouTube kayak Nadia O'Mara, hirotada, Nessie, Ewing, dong. TIA	2424	2023-02-27T15:16:46.622638Z	2599	2	Positive	1
0.965	0	tanyakanrl	2023-02-27T15:16:48.083514Z	0	ğŸ’š ada gak sih orang yg gak suka ditanya gimn hari nya	2425	2023-02-27T15:16:48.083514Z	2600	3	Positive	1
1.153	0	tanyakanrl	2023-02-27T15:16:49.565650Z	0	ğŸ’š orang lain yg di bentak yg dimarahin, kok gw yg gemeter + deg2an ğŸ¥² huehuehue	2426	2023-02-27T15:16:49.565650Z	2601	4	Positive	1
1.358	0	tanyakanrl	2023-02-27T15:16:51.218077Z	0	User ip, brightness wa sender itu cahayanya teraaang banget, kalo keluar wa cahayanya jadi normal, padahal cahayanyâ€¦ https://t.co/bmA0f6xer6	2427	2023-02-27T15:16:51.218077Z	2602	5	Negative	1
1.214	0	tanyakanrl	2023-02-27T15:16:52.720266Z	0	ğŸ’š ada yg nyari pasien buat koas gigi sukabumi ga ya?	2428	2023-02-27T15:16:52.720266Z	2603	6	Positive	1
1.124	0	tanyakanrl	2023-02-27T15:16:54.116661Z	1	Sedih banget emg ldr tu, kami dah ldr 1,5 tahunğŸ˜ gimana kalian yang ldr? tanyarl https://t.co/FseMFGgV7p	2429	2023-02-27T15:16:54.116661Z	2604	7	Negative	1
1.059	0	tanyakanrl	2023-02-27T15:16:55.729975Z	6	ğŸ’š aku yang kadang dibeliin pembalut sama bapak ğŸ˜€ https://t.co/FZirRnIBb6	2430	2023-02-27T15:16:55.729975Z	2605	8	Negative	1
1.934	0	tanyakanrl	2023-02-27T15:16:57.938123Z	0	ğŸ’š maksud "Ln" di Facebook itu apa? Sender baru main fb bingung bener dah yang punya ilmu jitu cara main fb boleh drop lah. Tia	2431	2023-02-27T15:16:57.938123Z	2606	9	Positive	1
1.197	0	tanyakanrl	2023-02-27T15:16:59.396063Z	1	ğŸ’š emang bener, ga tidur dari pulang kerja sampe ketemu kerja lg tuh bahaya bgt. sender habis ngebuat masalah antaraâ€¦ https://t.co/A2VJix0zPF	2432	2023-02-27T15:16:59.396063Z	2607	10	Negative	1
1.404	0	tanyakanrl	2023-02-27T15:17:01.063225Z	1	ğŸ’š kata nya kita berhak menjauh dari sesuatu yang nyakitin kita, masa iya gue harus menjauh dari sekolahan gue?	2433	2023-02-27T15:17:01.063225Z	2608	11	Positive	1
0.792	0	tanyakanrl	2023-02-27T15:17:02.215964Z	0	ğŸ’š kalian kalo libur ngampus ngapain aja? sender gabut banget gatau harus ngapain):	2434	2023-02-27T15:17:02.215964Z	2609	12	Positive	1
1.292	0	tanyakanrl	2023-02-27T15:17:03.826841Z	5	ğŸ’š kakak kakak yg udah lulus gurunya kek gini juga gak? https://t.co/Kuw7Z2hRRK	2435	2023-02-27T15:17:03.826841Z	2610	13	Negative	1
1.146	0	tanyakanrl	2023-02-27T15:17:05.279831Z	4	ğŸ’š guys bagi nomor bot stiker wa dong ğŸ¥°	2436	2023-02-27T15:17:05.279831Z	2611	14	Positive	1
1.05	0	tanyakanrl	2023-02-27T15:17:06.624721Z	2	aku biasanya sih nonton film/drama gitu, tpi lagi mood, enaknya ngapain ya selain tidur, aku dah cape tidur sehariaâ€¦ https://t.co/a2igYgvbo8	2437	2023-02-27T15:17:06.624721Z	2612	15	Negative	1
0.967	0	tanyakanrl	2023-02-27T15:17:07.864171Z	9	ğŸ’š Dia masuk islam kh? https://t.co/ibFMncatwM	2438	2023-02-27T15:17:07.864171Z	2613	16	Negative	1
1.917	0	tanyakanrl	2023-02-27T15:17:10.073743Z	0	ğŸ’š boleh saran puisi yang bagus buat dibacain pas nanti maju di depan kelas?? tapi jangan yg tema percintaan gituu makasiii	2439	2023-02-27T15:17:10.073743Z	2614	17	Positive	1
1.583	0	tanyakanrl	2023-02-27T15:17:11.937035Z	0	ğŸ’š gais coba ceritain pengalaman magang kalian, kok sender takut ya.. ğŸ˜­	2440	2023-02-27T15:17:11.937035Z	2615	18	Positive	1
1.038	0	tanyakanrl	2023-02-27T15:17:13.328116Z	17	ğŸ’š ayooo main qrt random	2441	2023-02-27T15:17:13.328116Z	2616	19	Positive	1
1.168	0	tanyakanrl	2023-02-27T15:17:14.803036Z	1	ğŸ’š mi ni mal li ma ka ta https://t.co/rQjg2C5EwI	2442	2023-02-27T15:17:14.803036Z	2617	20	Negative	1
1.324	0	tanyakanrl	2023-02-27T15:17:16.423910Z	2	ğŸ’š capek banget gais :'' rasanya aku gagal dikehidupan ini, pengen m4t1 tapi pahala ku belum cukup banyak :(	2443	2023-02-27T15:17:16.423910Z	2618	21	Positive	1
1.508	0	tanyakanrl	2023-02-27T15:17:18.226457Z	0	ğŸ’š buat kuliah mending pantofel yang ada haknya  atau ga ada haknya? tengkyuuu	2444	2023-02-27T15:17:18.226457Z	2619	22	Positive	1
1.269	0	tanyakanrl	2023-02-27T15:17:20.338631Z	0	Aku kudu gimana bingung bgt ğŸ’š https://t.co/P7FZ5BpGtx	2445	2023-02-27T15:17:20.338631Z	2620	23	Negative	1
1.835	12	tanyakanrl	2023-02-27T15:17:22.852762Z	87	ğŸ’š CW // Horror  Paling takut sama setan yg ganggu shalat apalagi sampe depan depanan.. auto resign klo kantor bginiâ€¦ https://t.co/oYlqkLE9OV	2446	2023-02-27T15:17:22.852762Z	2621	24	Negative	1
1.67	0	tanyakanrl	2023-02-27T15:17:25.079518Z	1	udah kepikiran nama anak belum? spill dikit dong atau nama panggilannya aja ğŸ’š	2447	2023-02-27T15:17:25.079518Z	2622	25	Positive	1
1.213	0	tanyakanrl	2023-02-27T15:17:28.041670Z	0	ğŸ’š Urgent! Apakah ada yang punya info buat kontrak rumah/kos/apartemen yang murah daerah pakubuwono jakarta selatan?â€¦ https://t.co/eJZYQu0MSC	2448	2023-02-27T15:17:28.041670Z	2623	26	Negative	1
1.148	0	tanyakanrl	2023-02-27T15:17:32.909458Z	5	ğŸ’š what de fakkk , emang paling bener twitter ga di pegang si elon musrik ğŸ–•ğŸ» https://t.co/83exOck26p	2449	2023-02-27T15:17:32.909458Z	2624	27	Negative	1
0.919	0	tanyakanrl	2023-02-27T15:17:34.816740Z	2	Tanyarl 

Makasih yg mau bantu jawab https://t.co/JAJByJqBsa	2450	2023-02-27T15:17:34.816740Z	2625	28	Negative	1
1.982	0	tanyakanrl	2023-02-27T15:17:37.135096Z	1	ğŸ’š Pengen pakai pashmina tapi selalu ga nyaman bagian belakang yang pendek. Nanti tiba tiba keliatan leher &amp; rambut	2451	2023-02-27T15:17:37.135096Z	2626	29	Positive	1
1.212	1	tanyakanrl	2023-02-27T15:17:38.665713Z	1	Crush gue ngefollow dan nonton live bestie gue wkwk ğŸ’š	2452	2023-02-27T15:17:38.665713Z	2627	30	Positive	1
1.035	0	tanyakanrl	2023-02-27T15:17:40.054754Z	3	ğŸ’š  CW// K-drama

Ada gk yaa cowok di dunia rilll kaya dia ğŸ™ğŸ¼ https://t.co/Pj7MZ89I91	2453	2023-02-27T15:17:40.054754Z	2628	31	Negative	1
1.746	0	tanyakanrl	2023-02-27T15:17:42.120125Z	1	ğŸ’š cowok, sma, anak rumahan banget a.k.a jarang banget keluar rumah. menurut kalian orang kaya gini gimana guys??	2454	2023-02-27T15:17:42.120125Z	2629	32	Positive	1
1.127	0	tanyakanrl	2023-02-27T15:17:43.561756Z	2	ğŸ’š hai sender android user, mau coba ip, tolong kasih tau dong fitur, perkabelan, apps, dll supaya ga kaget ... TIA	2455	2023-02-27T15:17:43.561756Z	2630	33	Positive	1
1.572	0	tanyakanrl	2023-02-27T15:17:45.449051Z	29	ğŸ’š sender pnya temen Korea yg bisa bhs Indonesia, dia lucu bgt wkwkwk kita lg ngomongin B4b1..eh dia malah ngatain dâ€¦ https://t.co/323sWPign7	2456	2023-02-27T15:17:45.449051Z	2631	34	Negative	1
1.074	0	tanyakanrl	2023-02-27T15:17:46.810520Z	0	ğŸ’š tugas yang sender kerjain semaleman, tadi siang dicontek gitu aja sama seatmate sender. ini kalo sender ga ikhlasâ€¦ https://t.co/aWoeiT11CT	2457	2023-02-27T15:17:46.810520Z	2632	35	Negative	1
1.342	1	tanyakanrl	2023-02-27T15:17:48.418788Z	4	ğŸ’š drop video lyrics lagu yg deep bgt dong.	2458	2023-02-27T15:17:48.418788Z	2633	36	Positive	1
1.059	0	tanyakanrl	2023-02-27T15:17:49.924281Z	1	ğŸ’š A, i have a crush on you. tapi sainganku cewek paling cantik di sekolah, jadi aku mundur aja deh hahah	2459	2023-02-27T15:17:49.924281Z	2634	37	Positive	1
1.008	0	tanyakanrl	2023-02-27T15:17:51.305216Z	0	Guys udah liat film ini belum, asli sender malah kasian sama sashağŸ˜­ 
judul film â€œ this is cinta ğŸ’š â€ https://t.co/PiH5ZcCTzw	2460	2023-02-27T15:17:51.305216Z	2635	38	Negative	1
1.319	0	tanyakanrl	2023-02-27T15:17:52.936792Z	1	ğŸ’š guys mau nanya, aku udah disuruh kirim transkip nilai tapi nilai ku bahkan belum keluar semua di web kampus, ituâ€¦ https://t.co/WLH7fsIY0T	2461	2023-02-27T15:17:52.936792Z	2636	39	Negative	1
1.438	0	tanyakanrl	2023-02-27T15:17:54.664963Z	0	ğŸ’š misal beli tiket kereta tapi bukan akun milik sendiri tuh tiketnya ga bisa di ubah jadwal sm dibatalkan ya? Ini tâ€¦ https://t.co/wILORXzLot	2462	2023-02-27T15:17:54.664963Z	2637	40	Negative	1
0.803	3	tanyakanrl	2023-02-27T15:17:55.750638Z	18	tapi harus tetaf bertahan yagesya ğŸ’š https://t.co/xlYHADP6Bb	2463	2023-02-27T15:17:55.750638Z	2638	41	Negative	1
0.845	0	tanyakanrl	2023-02-27T15:17:56.881412Z	3	ğŸ’š aku harus gimana yaa https://t.co/w3Fw7Vujpp	2464	2023-02-27T15:17:56.881412Z	2639	42	Negative	1
2.989	0	tanyakanrl	2023-02-27T15:18:00.150956Z	4	ğŸ’š selamat pagi guysğŸ¥° kalian hari ini mau sarapan pake apa?	2465	2023-02-27T15:18:00.150956Z	2640	43	Positive	1
1.149	0	tanyakanrl	2023-02-27T15:18:01.579463Z	0	Kamu pekerja milenial usia 26-42 tahun dan memiliki atasan? Yuk merapat dan mohon kesediaannya untuk mengisi kuesioâ€¦ https://t.co/Bkcs7F0rjO	2466	2023-02-27T15:18:01.579463Z	2641	44	Negative	1
0.889	0	tanyakanrl	2023-02-27T15:18:02.739505Z	78	Tanyarl mi ni mal li ma ka ta https://t.co/ulpsCXCPbA	2467	2023-02-27T15:18:02.739505Z	2642	45	Negative	1
1.123	1	tanyakanrl	2023-02-27T15:18:04.139483Z	0	ğŸ’š aku mau ngechat crush ak mau minta save, tapi gaberani mental yupii. gmn ya cara ngechatnya mau minta save? ğŸ˜­ğŸ˜­	2468	2023-02-27T15:18:04.139483Z	2643	46	Positive	1
1.383	0	tanyakanrl	2023-02-27T15:18:05.777305Z	2	ğŸ’š gausa sok spik up ttg no for bully klo akhirnya lo juga pelaku bullying, wkwk munafik. merasa manusia baik ternyata hobi cyberbully	2469	2023-02-27T15:18:05.777305Z	2644	47	Positive	1
1.322	3	tanyakanrl	2023-02-27T15:18:07.359100Z	17	ğŸ’š mari berdoa buat temen" kita yang ada disana dan sekitarnya menurut kepercayaan masing" ğŸ™ https://t.co/2lEubxHDUD	2470	2023-02-27T15:18:07.359100Z	2645	48	Negative	1
1.157	0	tanyakanrl	2023-02-27T15:18:08.782489Z	6	Tanyarl guys yang pakai samsung galaxy Z flip3 review dong, + - nya apa aja? https://t.co/fUL4tT3sjz	2471	2023-02-27T15:18:08.782489Z	2646	49	Negative	1
1.061	0	tanyakanrl	2023-02-27T15:18:10.117019Z	0	ğŸ’š ada yg punya anak kecil umur min 1 thn dan bisa di ajak foto? Boleh minta tolong bantu aku ga buat campaign susuâ€¦ https://t.co/BMqTaNSAU9	2472	2023-02-27T15:18:10.117019Z	2647	50	Negative	1
1.105	5	tanyakanrl	2023-02-27T15:18:11.540425Z	15	ğŸ’š ngeri bgt ini gaiss akun igey nya si penipu masih ada, ksian kalo bnyak yg ketipuu. please jgn ada yg bewlii di @â€¦ https://t.co/rHRZmx135Q	2473	2023-02-27T15:18:11.540425Z	2648	51	Negative	1
1.402	0	tanyakanrl	2023-02-27T15:18:13.220306Z	0	ğŸ’š mau tanya dong, klo de4ct igeh kan dm igeh nya jadi "user inst4gr4m" klo delete igeh kaya gitu jga ga? apa langsuâ€¦ https://t.co/rSBbxmIcbn	2474	2023-02-27T15:18:13.220306Z	2649	52	Negative	1
1.549	0	tanyakanrl	2023-02-27T15:18:15.133447Z	0	ğŸ’š haii ada yg punya contoh proposal pengajuan jasa ke perusahaan/organisasi? butuh bangett :(	2475	2023-02-27T15:18:15.133447Z	2650	53	Positive	1
1.273	0	tanyakanrl	2023-02-27T15:18:16.726814Z	0	ğŸ’š guisee ada yang pake ini ga? ini tuh sama kaya g0pay/d4na gitu atau emang kaya mbank1ng? https://t.co/hjOwYbTBG2	2476	2023-02-27T15:18:16.726814Z	2651	54	Negative	1
1.459	0	tanyakanrl	2023-02-27T15:18:18.493266Z	0	tanyarl cara biar cepet bisa bobo gimana ya? aku udh merem dari jam 9 tapi baru bisa tidur jam set 11 huhu	2477	2023-02-27T15:18:18.493266Z	2652	55	Positive	1
1.059	0	tanyakanrl	2023-02-27T15:18:19.834726Z	0	ğŸ’š kalian yang cewe biasanya kalo mau jalan preparenya berapa lama? serius nanya	2478	2023-02-27T15:18:19.834726Z	2653	56	Positive	1
1.761	0	tanyakanrl	2023-02-27T15:18:21.886765Z	0	guys kalo biaya pasang behel 5jt gitu misal, itu udah include atas bawah kan? atau biaya buat satu rahang aja? ğŸ’š	2479	2023-02-27T15:18:21.886765Z	2654	57	Positive	1
1.179	0	tanyakanrl	2023-02-27T15:18:23.348802Z	0	ğŸ’š Yamaha F310 atau Yamaha F400 buat pemula? sender pilih akustik hehe..	2480	2023-02-27T15:18:23.348802Z	2655	58	Positive	1
0.966	0	tanyakanrl	2023-02-27T15:18:24.637661Z	2	ğŸ’š pengen tau pandangan kalian ke gemini dong? negatif sama positifnya ya	2481	2023-02-27T15:18:24.637661Z	2656	59	Positive	1
1.446	0	tanyakanrl	2023-02-27T15:18:26.363266Z	0	tanyarl jadi, rumah orang tua ku ini sebelahan sama bude tukang urut, sering banget tiba tiba orang datang ke rumahâ€¦ https://t.co/8BEYLUw6r8	2482	2023-02-27T15:18:26.363266Z	2657	60	Negative	1
1.334	0	tanyakanrl	2023-02-27T15:18:27.981599Z	0	ğŸ’š kalian yang kelahiran 98 pada punya pacar atau single?	2483	2023-02-27T15:18:27.981599Z	2658	61	Positive	1
1.357	0	tanyakanrl	2023-02-27T15:18:29.626138Z	0	ğŸ’š wta, kalo misal kita ngajak putus, tp si doi gamau trs. Nah gimana ya caranya biar tetep putus gitu? thanks	2484	2023-02-27T15:18:29.626138Z	2659	62	Positive	1
1.277	0	tanyakanrl	2023-02-27T15:18:31.185751Z	0	ğŸ’š Gue sender menfess ini. Sekarang temen gue udah balikan yg kedua kalinya sama itu cowo :) Padahal waktu mereka paâ€¦ https://t.co/c8OFDzDpmr	2485	2023-02-27T15:18:31.185751Z	2660	63	Negative	1
1.456	0	tanyakanrl	2023-02-27T15:18:33.110489Z	6	ğŸ’š how do you tell someone youre in love w them without actually telling them?	2486	2023-02-27T15:18:33.110489Z	2661	64	Positive	1
1.305	0	tanyakanrl	2023-02-27T15:18:34.766516Z	4	ğŸ’š aku kok ga seberuntung temen temen aku ya, mereka lulus kuliah lgsg dapat kerjaan aku udah mau 6 bulan dari kelulâ€¦ https://t.co/iG4v0SRMq5	2487	2023-02-27T15:18:34.766516Z	2662	65	Negative	1
1.07	0	tanyakanrl	2023-02-27T15:18:36.213401Z	2	kata temenku gapapa kalo kita butuh orang lain untuk melupakan seseorang ğŸ’š	2488	2023-02-27T15:18:36.213401Z	2663	66	Positive	1
1.121	0	tanyakanrl	2023-02-27T15:18:37.694781Z	0	ğŸ’š jdi ak rencana mau ngasih kado buat cwo aku guys. nah dia skrg tuh lg pgn bngt naikin bb, krn mnrt dia dia terlalâ€¦ https://t.co/2DmVzzNpu7	2489	2023-02-27T15:18:37.694781Z	2664	67	Negative	1
0.973	0	tanyakanrl	2023-02-27T15:18:38.980350Z	42	ğŸ’š Gambar yang bisa didengar ğŸ˜ https://t.co/XWrHMRgiUZ	2490	2023-02-27T15:18:38.980350Z	2665	68	Negative	1
1.146	0	tanyakanrl	2023-02-27T15:18:40.437717Z	0	ğŸ’š uang ku 3jt dimaling kakak sepupu, knp bisa ketauan karena kepergok bude ku yg satunya tp dia ga ngerasağŸ™‚ğŸ™‚	2491	2023-02-27T15:18:40.437717Z	2666	69	Positive	1
1.095	0	tanyakanrl	2023-02-27T15:18:41.823134Z	1	ğŸ’š ada yg tau gaak ini mksdnya gimana? dan sender harus gimana lagi buat bebasin akun susi? 
sender udh ajuin pengemâ€¦ https://t.co/rNpFT63xN4	2492	2023-02-27T15:18:41.823134Z	2667	70	Negative	1
1.166	0	tanyakanrl	2023-02-27T15:18:43.290911Z	22	tanyarl hmmmm gimana yachhh gengs https://t.co/CCiNdefFjd	2493	2023-02-27T15:18:43.290911Z	2668	71	Negative	1
1.3	0	tanyakanrl	2023-02-27T15:18:44.874737Z	0	Tanyarl aku minya sarannya dong guys. TIA https://t.co/F1wuoPKbkB	2494	2023-02-27T15:18:44.874737Z	2669	72	Negative	1
1.171	9	tanyakanrl	2023-02-27T15:18:46.331452Z	54	ğŸ’š cuma mau ngingetin guys, bentar lagi mau bulan Ramadhan. YaAllah, waktu beneran ga kerasağŸ˜­ https://t.co/egrxDF5uyH	2495	2023-02-27T15:18:46.331452Z	2670	73	Negative	1
1.216	0	tanyakanrl	2023-02-27T15:18:47.882682Z	0	ğŸ’š email ku kenapa ga bisa login ke canva ya??	2496	2023-02-27T15:18:47.882682Z	2671	74	Positive	1
1.039	0	tanyakanrl	2023-02-27T15:18:49.190794Z	0	ğŸ’š mau cetak kaos misal desainnya ambil element yang dari canva boleh ga ya?	2497	2023-02-27T15:18:49.190794Z	2672	75	Positive	1
0.863	0	tanyakanrl	2023-02-27T15:18:50.328871Z	1	ğŸ’š merk pensil warna yang bagus apa ya? Faber castle atau grebel??	2498	2023-02-27T15:18:50.328871Z	2673	76	Positive	1
1.23	0	tanyakanrl	2023-02-27T15:18:51.837785Z	0	Tanyarl ğŸ’š termasuk untung apa emang sebenernya harganya segitu? https://t.co/yMsdy3ev0F	2499	2023-02-27T15:18:51.837785Z	2674	77	Negative	1
1.099	0	tanyakanrl	2023-02-27T15:18:53.249476Z	4	ğŸ’š bingung bgt ga si, ada orang yg cakep bgt, pasti diincer orang banyak, mau siapa tinggal milih, tapi dia malah miâ€¦ https://t.co/KCyXAt1oSc	2500	2023-02-27T15:18:53.249476Z	2675	78	Negative	1
0.909	0	tanyakanrl	2023-02-27T15:18:54.420506Z	16	ğŸ’š oalahhh baru pahamğŸ˜‚ https://t.co/dtTbVHktym	2501	2023-02-27T15:18:54.420506Z	2676	79	Negative	1
0.879	0	tanyakanrl	2023-02-27T15:18:55.572455Z	0	Tanyarl kepala sender bener" pusing tentang persoalan iniğŸ¥º https://t.co/wOXgUl3mMd	2502	2023-02-27T15:18:55.572455Z	2677	80	Negative	1
0.939	1	tanyakanrl	2023-02-27T15:18:56.922710Z	0	gmn ya cara bikin pencuri ngaku sendiri? soalnya sepupu ku sering banget ngambil duitku atau ortuku tapi kami seganâ€¦ https://t.co/7fxUuvfVxj	2503	2023-02-27T15:18:56.922710Z	2678	81	Negative	1
0.913	0	tanyakanrl	2023-02-27T15:18:58.168862Z	0	Tanyarl guys aku lgi perlu banget sesuatu. Rencananya mau pke shop* paylater. Pengalaman kalian yg pernah make gmnaâ€¦ https://t.co/l7yDozEOD2	2504	2023-02-27T15:18:58.168862Z	2679	82	Negative	1
1.343	0	tanyakanrl	2023-02-27T15:18:59.813884Z	3	ğŸ’š GUYS RACUNIN AKU MUKENA DONG, AKU MAU BELI BUAT LEBARAN. BUDGET 150K, KALO BISA YANG SATIN VELVET GITU YANG LAIN JUGA GAPAPA. TIA.	2505	2023-02-27T15:18:59.813884Z	2680	83	Positive	1
1.136	1	tanyakanrl	2023-02-27T15:19:01.231642Z	30	ğŸ’š Bedakan ya guys antara Kereta dan Gerbong https://t.co/7J5qnqyurB	2506	2023-02-27T15:19:01.231642Z	2681	84	Negative	1
2.234	0	tanyakanrl	2023-02-27T15:19:03.733174Z	0	ğŸ’š pusing banget ngerjain skripsiğŸ˜­	2507	2023-02-27T15:19:03.733174Z	2682	85	Positive	1
1.114	0	tanyakanrl	2023-02-27T15:19:05.126220Z	0	ğŸ’š mauu tanyaa, kalau cowo kalian bbrapa kali ngepost di feeds sma temen kuliahnya, yg kebetulan ad cewenya, tdi bahâ€¦ https://t.co/QoyNZTrIIB	2508	2023-02-27T15:19:05.126220Z	2683	86	Negative	1
1.097	0	tanyakanrl	2023-02-27T15:19:06.533578Z	4	ğŸ’š ini tuh emang bagusnya klo charger ga sampw 100% ya?? Sender baru tau.. https://t.co/3fZjn3fHWd	2509	2023-02-27T15:19:06.533578Z	2684	87	Negative	1
1.177	0	tanyakanrl	2023-02-27T15:19:08.063162Z	3	ğŸ’š sender ngebet punya pacarğŸ˜¥	2510	2023-02-27T15:19:08.063162Z	2685	88	Positive	1
0.985	0	tanyakanrl	2023-02-27T15:19:09.405940Z	2	ğŸ’š kasih tau meme terlucu kalian!!!	2511	2023-02-27T15:19:09.405940Z	2686	89	Positive	1
1.226	1	tanyakanrl	2023-02-27T15:19:10.962967Z	17	ğŸ’š pilih top 3 kalian dari miÃ© sÃ©dÃ ap
Sender: https://t.co/Uvje1Z734W	2512	2023-02-27T15:19:10.962967Z	2687	90	Negative	1
1.236	38	tanyakanrl	2023-02-27T15:19:12.499287Z	113	gapapaa, pasti bisa ğŸ’š https://t.co/hdeWJUHUNm	2513	2023-02-27T15:19:12.499287Z	2688	91	Negative	1
3.635	0	tanyakanrl	2023-02-27T15:19:16.441878Z	0	ğŸ’š guys ada yang mau bantuin like video lomba edukasi di tikt0k ga? yg mau tolong rep di bawah ya ğŸ¥ºğŸ™ğŸ»	2514	2023-02-27T15:19:16.441878Z	2689	92	Positive	1
1.158	0	tanyakanrl	2023-02-27T15:19:17.996956Z	2	ğŸ’š mau nanya looksim yang di adaptasi jadi anime s2 nya udah keluar apa belum? Kalau udah ada nya dimana	2515	2023-02-27T15:19:17.996956Z	2690	93	Positive	1
1.202	0	tanyakanrl	2023-02-27T15:19:19.522064Z	0	ğŸ’š  halo ada yg ngerti cara ngatasin ini nggak pas mau login iTunes? Daritadi coba sana sini cara gaada yg berhasilğŸ˜”â€¦ https://t.co/7B5PyMKsXv	2516	2023-02-27T15:19:19.522064Z	2691	94	Negative	1
0.947	0	tanyakanrl	2023-02-27T15:19:20.763787Z	1	tanyarl saran terbaiknya dong ğŸ˜­ https://t.co/E3eykai1DG	2517	2023-02-27T15:19:20.763787Z	2692	95	Negative	1
1.74	1	tanyakanrl	2023-02-27T15:19:22.894498Z	1	ğŸ’š pengen deh ngerasain rasanya punya bapak ğŸ˜”	2518	2023-02-27T15:19:22.894498Z	2693	96	Positive	1
0.992	0	tanyakanrl	2023-02-27T15:19:24.180436Z	4	tanyarl flashback ke 2022 yuk, intip belanjaan shopee kalian dong, paling boros di bulan apa tahun lalu?

ceknya diâ€¦ https://t.co/02vodX54Zi	2519	2023-02-27T15:19:24.180436Z	2694	97	Negative	1
1.196	0	tanyakanrl	2023-02-27T15:19:25.672629Z	0	ğŸ’š sp yg besok sekolahnya daringgg???	2520	2023-02-27T15:19:25.672629Z	2695	98	Positive	1
1.923	1	tanyakanrl	2023-02-27T15:19:27.879049Z	15	ğŸ’š gaiss laptop aku tiap kali buka Excel atau Word suka ke enter sendiri, sama suka eror gitu, itu kenapa ya?? ada vâ€¦ https://t.co/pbz95z2gT8	2521	2023-02-27T15:19:27.879049Z	2696	99	Negative	1
2.261	1	tanyakanrl	2023-02-27T15:19:30.447839Z	17	ğŸ’š awal februari kalian gimana guys? 

kalo awal februariku ternyata bokap gue selingkuh lama sama mamanya cowok gueğŸ¤¡ğŸ¤¡ğŸ¤¡ğŸ¤¡	2522	2023-02-27T15:19:30.447839Z	2697	100	Positive	1
1.725	28	tanyakanrl	2023-02-27T15:19:32.535098Z	199	ğŸ’š ga habis thinking https://t.co/fUh6ipoL15	2523	2023-02-27T15:19:32.535098Z	2698	101	Negative	1
6.902	0	tanyakanrl	2023-02-27T15:19:39.766735Z	1	ğŸ’š siapa yg dah 24+ tapi belum dibolehin pacaran ama ortuğŸ˜”â˜ï¸	2524	2023-02-27T15:19:39.766735Z	2699	102	Positive	1
1.248	2	tanyakanrl	2023-02-27T15:19:41.389084Z	48	ğŸ’š coba rate seberapa kalian suka sama strawberryğŸ“?? https://t.co/O1CaidAgM4	2525	2023-02-27T15:19:41.389084Z	2700	103	Negative	1
2.2	0	tanyakanrl	2023-02-27T15:19:43.922360Z	1	Tanyarl Samsung S23 plus worth it buat konser gk sih?	2526	2023-02-27T15:19:43.922360Z	2701	104	Positive	1
0.942	0	tanyakanrl	2023-02-27T15:19:45.183794Z	7	ğŸ’š Halo warga twit! Pls I still need help buat isi kuesioner~ thankyou ^^ https://t.co/rQPRSiz7kH	2527	2023-02-27T15:19:45.183794Z	2702	105	Negative	1
1.513	0	tanyakanrl	2023-02-27T15:19:46.999358Z	1	ğŸ’š gimana caranya buat tetep peduli sama orang yang bahkan ga nganggep kita ada? Masalahnya ini orang gabisa dijauhin karena masih keluargağŸ¥²	2528	2023-02-27T15:19:46.999358Z	2703	106	Positive	1
0.901	1	tanyakanrl	2023-02-27T15:19:48.220021Z	30	Tanyarl. Guys plss saran caption Poto di pantai https://t.co/iJsiyOTzJX	2529	2023-02-27T15:19:48.220021Z	2704	107	Negative	1
0.936	0	tanyakanrl	2023-02-27T15:19:49.457922Z	1	ğŸ’š cw // benjolan di muka
kira kira kena biaya berapa ya untuk sekedar konsul atau sekalian operasi?
TIA ğŸ¤ https://t.co/WZdfzIxNCD	2530	2023-02-27T15:19:49.457922Z	2705	108	Negative	1
1.915	0	tanyakanrl	2023-02-27T15:19:51.657056Z	1	tanyarl di dom kalian gledeknya lagi jedar jeder ga ges??	2531	2023-02-27T15:19:51.657056Z	2706	109	Positive	1
1.406	0	tanyakanrl	2023-02-27T15:19:53.500520Z	4	Tanyarl cara meratakan warna kulit biar gak belang gimana yağŸ˜‡ğŸ˜‡	2532	2023-02-27T15:19:53.500520Z	2707	110	Positive	1
1.193	9	tanyakanrl	2023-02-27T15:19:55.437819Z	167	gaisss bagus ga?? puas bgtt tauu
awalnya kek deg deg gtuuu krna beli onlen ğŸ’š https://t.co/P29OxQxjlB	2533	2023-02-27T15:19:55.437819Z	2708	111	Negative	1
1.487	0	tanyakanrl	2023-02-27T15:19:57.558611Z	3	ğŸ’š kerjaan mu sekarang ini kalo disabarin aja bisa kaya ga?	2534	2023-02-27T15:19:57.558611Z	2709	112	Positive	1
1.03	0	tanyakanrl	2023-02-27T15:19:59.953229Z	4	ğŸ’š gais kasih tau dong di bangku mana kita bisa liat view yang bagus dari kereta jkt-jogja. Soalnya sender baru pertâ€¦ https://t.co/VPtaE7AMZK	2535	2023-02-27T15:19:59.953229Z	2710	113	Negative	1
1.222	6	tanyakanrl	2023-02-27T15:20:01.547224Z	2	ini https://t.co/a7KwaVhaaW	2536	2023-02-27T15:20:01.547224Z	2711	114	Negative	1
1.414	248	tanyakanrl	2023-02-27T15:20:03.296196Z	40	LAGI OPFOLLğŸ‘‡ğŸ»ğŸ‘‡ğŸ»ğŸ‘‡ğŸ»

â€¼ï¸â€¼ï¸â€¼ï¸â€¼ï¸â€¼ï¸â€¼ï¸â€¼ï¸â€¼ï¸â€¼ï¸â€¼ï¸

â€¢ğ™ğ™ ğ™©ğ™¬ğ™šğ™šğ™© ğ™™ğ™ğ™—ğ™–ğ™¬ğ™–ğ™ 
â€¢ ğ™ğ™ ğ™©ğ™¬ğ™šğ™šğ™© ini

tag base, good luck 

https://t.co/vMjxSfpFpb	2537	2023-02-27T15:20:03.296196Z	2712	115	Negative	1
1.468	0	tanyakanrl	2023-02-27T15:20:05.160245Z	1	pantengin	2538	2023-02-27T15:20:05.160245Z	2713	116	Positive	1
1.86	8	tanyakanrl	2023-02-27T15:20:07.359058Z	45	OPFOL YUKKKkkkk

ğŸ¤”ğŸ¤”ğŸ¤”ğŸ¤”ğŸ¤”ğŸ¤”	2539	2023-02-27T15:20:07.359058Z	2714	117	Positive	1
4.636	0	tanyakanrl	2023-02-27T15:20:18.066127Z	0	done	2540	2023-02-27T15:20:08.463994Z	2715	118	Positive	1
2.229	2	tanyakanrl	2023-02-27T15:20:21.691425Z	6	ini https://t.co/1NlgJefVp9	2541	2023-02-27T15:20:21.691425Z	2716	119	Negative	1
1.575	179	tanyakanrl	2023-02-27T15:20:23.616078Z	28	LAGI OPFOLLğŸ‘‡ğŸ»ğŸ‘‡ğŸ»ğŸ‘‡ğŸ»

â€¼ï¸â€¼ï¸â€¼ï¸â€¼ï¸â€¼ï¸â€¼ï¸â€¼ï¸â€¼ï¸â€¼ï¸â€¼ï¸

â€¢ğ™ğ™ ğ™©ğ™¬ğ™šğ™šğ™© ğ™™ğ™ğ™—ğ™–ğ™¬ğ™–ğ™ 
â€¢ ğ™ğ™ ğ™©ğ™¬ğ™šğ™šğ™© ini

tag base, good luck 

https://t.co/JMylLndv1L	2542	2023-02-27T15:20:23.616078Z	2717	120	Negative	1
1.55	1	tanyakanrl	2023-02-27T15:20:25.558876Z	6	pantenginn	2543	2023-02-27T15:20:25.558876Z	2718	121	Positive	1
